Card;Time1;Time2;Time3;Time4;Time5
5000;178400;175900;181900;186600;175900
10000;363100;359100;358900;352600;357700
15000;536000;533300;561800;532700;531400
20000;708300;702800;768000;712800;702600
25000;908200;884700;936300;973500;884200
30000;1.0892e+006;1.0598e+006;1.0918e+006;1.1023e+006;1.0583e+006
35000;1.254e+006;1.362e+006;1.2388e+006;1.3066e+006;1.2331e+006
40000;1.4172e+006;1.4139e+006;1.4911e+006;1.4208e+006;1.415e+006
45000;1.5996e+006;1.5932e+006;1.5964e+006;1.5967e+006;1.5935e+006
50000;1.7677e+006;1.759e+006;1.8552e+006;1.7715e+006;1.7821e+006
55000;1.9463e+006;1.9373e+006;1.9563e+006;1.9529e+006;1.9376e+006
60000;2.216e+006;2.1331e+006;2.1166e+006;2.217e+006;2.1172e+006
65000;2.3069e+006;2.2876e+006;2.3231e+006;2.3737e+006;2.2942e+006
70000;2.4828e+006;2.4699e+006;2.4766e+006;2.6239e+006;2.4711e+006
75000;2.669e+006;2.6565e+006;2.9382e+006;2.7498e+006;2.6529e+006
80000;2.8599e+006;2.9257e+006;2.8321e+006;2.8957e+006;2.8521e+006
85000;3.0193e+006;3.0093e+006;3.0135e+006;3.014e+006;3.0061e+006
90000;3.2093e+006;3.1991e+006;3.2161e+006;3.2085e+006;3.1923e+006
95000;3.4168e+006;3.3662e+006;3.3735e+006;3.4358e+006;3.3739e+006
100000;3.5532e+006;3.539e+006;3.569e+006;3.5582e+006;3.5364e+006
105000;3.7359e+006;3.7265e+006;3.9519e+006;3.7385e+006;3.8304e+006
110000;3.9384e+006;3.9018e+006;3.9197e+006;4.0898e+006;3.8931e+006
115000;4.1058e+006;4.0904e+006;4.1146e+006;4.0967e+006;4.0881e+006
120000;4.2631e+006;4.2563e+006;4.3093e+006;4.2569e+006;4.3183e+006
125000;4.4613e+006;4.46e+006;4.4586e+006;4.4533e+006;4.4319e+006
130000;4.6363e+006;4.6482e+006;4.7228e+006;4.7628e+006;4.6101e+006
135000;4.8118e+006;4.7918e+006;5.0948e+006;4.9643e+006;4.7862e+006
140000;4.9808e+006;4.9781e+006;5.0534e+006;5.1771e+006;4.9633e+006
145000;5.1781e+006;5.1646e+006;5.163e+006;5.3601e+006;5.1583e+006
150000;5.3461e+006;5.3642e+006;5.3459e+006;5.5383e+006;5.3196e+006
155000;5.5471e+006;5.5691e+006;5.5354e+006;5.6938e+006;5.5008e+006
160000;5.7056e+006;5.7173e+006;5.8227e+006;5.925e+006;5.6902e+006
165000;6.161e+006;5.8944e+006;5.8613e+006;6.0103e+006;5.8603e+006
170000;6.2058e+006;6.3549e+006;6.1062e+006;6.2177e+006;6.0491e+006
175000;6.3175e+006;6.2375e+006;6.3778e+006;6.3273e+006;6.2119e+006
180000;6.4482e+006;6.4258e+006;6.4345e+006;6.4097e+006;6.3946e+006
185000;6.591e+006;6.6225e+006;6.588e+006;6.6214e+006;6.596e+006
190000;6.7924e+006;6.7499e+006;6.8272e+006;6.9278e+006;6.7678e+006
195000;6.9622e+006;6.9294e+006;6.9942e+006;6.9675e+006;6.9278e+006
200000;7.2542e+006;7.1986e+006;7.1824e+006;7.1291e+006;7.152e+006
205000;7.5014e+006;7.3045e+006;7.3943e+006;7.3703e+006;7.3281e+006
210000;7.4568e+006;7.4851e+006;7.5226e+006;7.5003e+006;7.5372e+006
215000;7.6437e+006;7.6628e+006;7.6606e+006;7.6669e+006;7.6171e+006
220000;7.9076e+006;7.8469e+006;7.8836e+006;7.885e+006;7.8298e+006
225000;8.0323e+006;7.9868e+006;8.0272e+006;8.0619e+006;8.0574e+006
230000;8.2822e+006;8.2854e+006;8.2824e+006;8.2692e+006;8.1941e+006
235000;8.4192e+006;8.4942e+006;8.4229e+006;8.5275e+006;8.3735e+006
240000;8.583e+006;8.5255e+006;8.5654e+006;8.583e+006;8.5859e+006
245000;8.873e+006;8.7976e+006;8.9158e+006;8.736e+006;8.7269e+006
250000;8.9275e+006;8.886e+006;8.9349e+006;8.9057e+006;8.8796e+006
255000;9.1566e+006;9.0893e+006;9.37e+006;9.1107e+006;9.0876e+006
260000;9.3944e+006;9.457e+006;9.3149e+006;9.2642e+006;1.0256e+007
265000;9.5344e+006;9.4335e+006;9.5081e+006;9.4678e+006;9.5134e+006
270000;9.7287e+006;9.6192e+006;1.27643e+007;9.6455e+006;9.7043e+006
275000;1.35428e+007;9.8253e+006;1.33469e+007;9.8382e+006;9.8602e+006
280000;1.00848e+007;9.9998e+006;1.65439e+007;1.0063e+007;9.999e+006
285000;1.02143e+007;1.0282e+007;1.45141e+007;1.01927e+007;1.01408e+007
290000;1.04204e+007;1.03436e+007;1.51691e+007;1.03185e+007;1.03289e+007
295000;1.05981e+007;1.05068e+007;1.61159e+007;1.05709e+007;1.04926e+007
300000;1.08395e+007;1.07828e+007;1.68395e+007;1.07984e+007;1.0703e+007
305000;1.09838e+007;1.08349e+007;1.77548e+007;1.0906e+007;1.10522e+007
310000;1.12218e+007;1.10313e+007;1.11252e+007;1.10769e+007;1.0995e+007
315000;1.17757e+007;1.12088e+007;1.16243e+007;1.19992e+007;1.11808e+007
320000;1.15732e+007;1.13782e+007;1.14098e+007;1.16213e+007;1.13976e+007
325000;1.19763e+007;1.15293e+007;1.16662e+007;1.24811e+007;1.15627e+007
330000;1.2104e+007;1.17859e+007;1.18257e+007;1.22424e+007;1.1869e+007
335000;1.28891e+007;1.19297e+007;1.25235e+007;1.23566e+007;1.19723e+007
340000;1.22994e+007;1.20669e+007;1.22195e+007;1.21681e+007;1.21791e+007
345000;1.23969e+007;1.23542e+007;1.23159e+007;1.23033e+007;1.23022e+007
350000;1.27528e+007;1.24589e+007;1.26214e+007;1.24882e+007;1.40907e+007
355000;1.33796e+007;1.26295e+007;1.27357e+007;1.28422e+007;1.26483e+007
360000;1.30434e+007;1.27773e+007;1.28656e+007;1.2912e+007;1.28022e+007
365000;1.33793e+007;1.30069e+007;1.36378e+007;1.30687e+007;1.29921e+007
370000;1.35205e+007;1.33116e+007;1.33257e+007;1.31919e+007;1.32112e+007
375000;1.33956e+007;1.33938e+007;1.3433e+007;1.33681e+007;1.33728e+007
380000;1.36133e+007;1.35e+007;1.36015e+007;1.38418e+007;1.37818e+007
385000;1.37621e+007;1.36896e+007;1.37483e+007;1.37809e+007;1.37119e+007
390000;1.41136e+007;1.39687e+007;1.39102e+007;1.41578e+007;1.38823e+007
395000;1.52303e+007;1.41322e+007;1.42798e+007;1.41022e+007;1.40708e+007
400000;1.43207e+007;1.42746e+007;1.43625e+007;1.42647e+007;1.4392e+007
405000;1.46117e+007;1.4458e+007;1.46385e+007;1.44502e+007;1.4508e+007
410000;1.47473e+007;1.4719e+007;1.46477e+007;1.46477e+007;1.4746e+007
415000;1.49761e+007;1.48608e+007;1.50009e+007;1.53242e+007;1.48098e+007
420000;1.51601e+007;1.5077e+007;1.6235e+007;1.52871e+007;1.49507e+007
425000;1.51989e+007;1.52226e+007;1.52412e+007;1.51678e+007;1.5128e+007
430000;1.53526e+007;1.52892e+007;1.68873e+007;1.55442e+007;1.53711e+007
435000;1.58671e+007;1.56574e+007;1.74843e+007;1.55455e+007;1.55348e+007
440000;1.58305e+007;1.57752e+007;1.62576e+007;1.57714e+007;1.58925e+007
445000;1.7125e+007;1.58596e+007;1.6139e+007;1.5921e+007;1.58746e+007
450000;1.64744e+007;1.60838e+007;1.62701e+007;1.61536e+007;1.63338e+007
455000;1.69549e+007;1.61922e+007;1.63105e+007;1.63432e+007;1.61888e+007
460000;1.66769e+007;1.64393e+007;1.64837e+007;1.64847e+007;1.66387e+007
465000;1.85741e+007;1.65914e+007;1.67449e+007;1.78605e+007;1.66037e+007
470000;1.67969e+007;1.67174e+007;1.68187e+007;1.86846e+007;1.68108e+007
475000;1.69652e+007;1.70462e+007;1.72924e+007;2.2541e+007;1.68799e+007
480000;1.7361e+007;1.71681e+007;1.7172e+007;2.06672e+007;1.70963e+007
485000;1.73579e+007;1.73421e+007;1.75327e+007;2.28818e+007;1.75339e+007
490000;1.76424e+007;2.0109e+007;1.76173e+007;2.22818e+007;1.74947e+007
495000;1.79901e+007;1.76308e+007;1.80075e+007;1.94892e+007;1.7676e+007
500000;1.80562e+007;1.77821e+007;1.8148e+007;2.05016e+007;1.7994e+007
505000;1.81103e+007;1.80456e+007;2.47435e+007;2.10172e+007;1.7985e+007
510000;2.01378e+007;1.84043e+007;2.18041e+007;2.146e+007;1.8273e+007
515000;1.85431e+007;1.84142e+007;2.15284e+007;2.10663e+007;1.84379e+007
520000;1.89218e+007;1.85403e+007;2.02035e+007;2.05542e+007;1.87456e+007
525000;1.87419e+007;1.86952e+007;2.13531e+007;2.14899e+007;1.88337e+007
530000;1.89555e+007;1.90973e+007;2.16562e+007;2.11542e+007;1.89162e+007
535000;1.90863e+007;1.90765e+007;2.28064e+007;2.24931e+007;1.91742e+007
540000;1.93171e+007;1.9442e+007;2.24037e+007;1.94351e+007;1.93071e+007
545000;1.94747e+007;1.97095e+007;3.01194e+007;2.06763e+007;1.94099e+007
550000;1.96782e+007;1.96038e+007;3.47715e+007;2.08785e+007;1.96379e+007
555000;1.98256e+007;1.97727e+007;3.56012e+007;2.1136e+007;1.99224e+007
560000;2.00815e+007;2.0182e+007;3.39566e+007;2.2079e+007;2.0086e+007
565000;2.02186e+007;2.01637e+007;3.84409e+007;2.1277e+007;2.01375e+007
570000;2.04217e+007;2.02713e+007;3.08794e+007;2.19885e+007;2.03201e+007
575000;2.05741e+007;2.04682e+007;2.31075e+007;2.10284e+007;2.0526e+007
580000;2.06947e+007;2.06801e+007;2.42368e+007;2.09361e+007;2.0745e+007
585000;2.0883e+007;2.08337e+007;2.37763e+007;2.08788e+007;2.07861e+007
590000;2.10902e+007;2.1032e+007;2.24546e+007;2.12431e+007;2.10149e+007
595000;2.23854e+007;2.12529e+007;2.1339e+007;2.12726e+007;2.12265e+007
600000;2.15094e+007;2.13934e+007;2.15018e+007;2.17552e+007;2.14579e+007
605000;2.1705e+007;2.16187e+007;2.16578e+007;2.21144e+007;2.15354e+007
610000;2.18471e+007;2.16965e+007;2.19937e+007;2.24989e+007;2.18512e+007
615000;2.19504e+007;2.19533e+007;2.61783e+007;2.55998e+007;2.19028e+007
620000;2.21319e+007;2.21228e+007;2.23579e+007;2.66181e+007;2.21131e+007
625000;2.2302e+007;2.23476e+007;2.54958e+007;2.50456e+007;2.22565e+007
630000;2.25357e+007;2.23824e+007;2.40773e+007;2.51273e+007;2.24484e+007
635000;2.2723e+007;2.25778e+007;2.77522e+007;2.55153e+007;2.26218e+007
640000;2.28328e+007;2.2822e+007;2.64639e+007;2.28335e+007;2.29589e+007
645000;2.31882e+007;2.30337e+007;2.50001e+007;2.31376e+007;2.29832e+007
650000;2.33553e+007;2.31418e+007;2.85279e+007;2.3299e+007;2.31868e+007
655000;2.34045e+007;2.34168e+007;2.34617e+007;2.34466e+007;2.33213e+007
660000;2.4523e+007;2.35162e+007;2.44107e+007;2.35418e+007;2.35331e+007
665000;2.37741e+007;2.36902e+007;2.37583e+007;2.39163e+007;2.3725e+007
670000;2.4226e+007;2.3903e+007;2.39726e+007;2.3974e+007;2.39285e+007
675000;2.44849e+007;2.4396e+007;2.41993e+007;2.52714e+007;2.40892e+007
680000;2.67945e+007;2.43038e+007;2.45305e+007;2.78626e+007;2.42592e+007
685000;2.44727e+007;2.43749e+007;2.45043e+007;2.52278e+007;2.45154e+007
690000;2.47605e+007;2.466e+007;2.47172e+007;2.46558e+007;2.48475e+007
695000;2.48571e+007;2.47353e+007;2.58353e+007;2.49042e+007;2.47853e+007
700000;2.51605e+007;2.49381e+007;2.51022e+007;2.49695e+007;2.49032e+007
705000;2.5152e+007;2.51299e+007;2.52072e+007;2.51532e+007;2.5129e+007
710000;2.54908e+007;2.52399e+007;2.54865e+007;2.53555e+007;2.54439e+007
715000;2.5495e+007;2.54332e+007;2.55717e+007;2.56379e+007;2.54837e+007
720000;2.58023e+007;2.56757e+007;2.58718e+007;2.60026e+007;2.58059e+007
725000;2.58676e+007;2.5844e+007;2.59071e+007;2.58836e+007;2.57314e+007
730000;2.6059e+007;2.59759e+007;2.61127e+007;2.60465e+007;2.61545e+007
735000;2.62393e+007;2.63344e+007;2.64084e+007;2.6585e+007;2.61809e+007
740000;2.65311e+007;2.64939e+007;2.65822e+007;2.64144e+007;2.69751e+007
745000;2.65464e+007;2.64533e+007;2.65983e+007;2.67557e+007;2.77227e+007
750000;2.7413e+007;2.69015e+007;2.68552e+007;2.69345e+007;2.74246e+007
755000;2.69967e+007;2.69782e+007;2.70914e+007;2.69622e+007;2.7956e+007
760000;2.72605e+007;2.71461e+007;2.7167e+007;2.71801e+007;2.81221e+007
765000;2.73502e+007;2.81036e+007;2.74075e+007;2.74877e+007;2.80914e+007
770000;2.75588e+007;2.78422e+007;2.75712e+007;2.74548e+007;2.86226e+007
775000;2.76261e+007;2.75455e+007;2.76913e+007;2.76714e+007;2.82206e+007
780000;2.78958e+007;2.79378e+007;2.79601e+007;2.78672e+007;2.85238e+007
785000;2.81166e+007;2.86289e+007;2.8225e+007;2.82608e+007;2.93004e+007
790000;2.84683e+007;2.87333e+007;2.82597e+007;2.82624e+007;2.8907e+007
795000;2.85541e+007;2.86296e+007;2.84905e+007;2.83745e+007;2.94619e+007
800000;2.88841e+007;2.85297e+007;2.86233e+007;2.86098e+007;2.97395e+007
805000;2.89338e+007;2.9983e+007;2.87447e+007;2.90802e+007;3.14629e+007
810000;2.90501e+007;2.88452e+007;2.9063e+007;2.89601e+007;2.96332e+007
815000;2.91193e+007;2.93289e+007;2.90927e+007;2.91106e+007;2.95203e+007
820000;2.93729e+007;3.19154e+007;2.9269e+007;2.9425e+007;3.20405e+007
825000;2.94984e+007;2.9639e+007;2.94363e+007;2.9599e+007;2.9814e+007
830000;2.98553e+007;3.02881e+007;2.97022e+007;2.96432e+007;3.06737e+007
835000;2.97915e+007;2.99944e+007;2.99137e+007;3.00584e+007;3.00101e+007
840000;3.01019e+007;3.01697e+007;3.02587e+007;3.02444e+007;3.03089e+007
845000;3.03546e+007;3.02025e+007;3.06232e+007;3.15229e+007;3.01663e+007
850000;3.05703e+007;3.02546e+007;3.33741e+007;3.03883e+007;3.02898e+007
855000;3.09541e+007;3.04566e+007;3.07458e+007;3.05975e+007;3.04475e+007
860000;3.08881e+007;3.06142e+007;3.07353e+007;3.07625e+007;3.06604e+007
865000;3.22106e+007;3.08026e+007;3.09274e+007;3.1747e+007;3.08e+007
870000;3.10199e+007;3.09751e+007;3.11227e+007;3.23012e+007;3.10971e+007
875000;3.14049e+007;3.10925e+007;3.13212e+007;3.13034e+007;3.1167e+007
880000;3.14409e+007;3.13827e+007;3.16814e+007;3.2457e+007;3.13721e+007
885000;3.16978e+007;3.15328e+007;3.16372e+007;3.17357e+007;3.15853e+007
890000;3.1814e+007;3.16121e+007;3.18345e+007;3.22647e+007;3.17816e+007
895000;3.20909e+007;3.18662e+007;3.33765e+007;3.19694e+007;3.18671e+007
900000;3.22922e+007;3.29558e+007;3.21162e+007;3.21951e+007;3.20395e+007
905000;3.23967e+007;3.24873e+007;3.54779e+007;3.22738e+007;3.2788e+007
910000;3.24839e+007;3.24441e+007;3.25222e+007;3.25681e+007;3.25003e+007
915000;3.27311e+007;3.26182e+007;3.28707e+007;3.26906e+007;3.25437e+007
920000;3.30109e+007;3.2871e+007;3.2889e+007;3.28976e+007;3.27255e+007
925000;3.42932e+007;3.32001e+007;3.31172e+007;3.31671e+007;3.30404e+007
930000;3.32473e+007;3.32486e+007;3.33147e+007;3.33529e+007;3.32407e+007
935000;3.35029e+007;3.34133e+007;3.33934e+007;3.3381e+007;3.33922e+007
940000;3.35479e+007;3.367e+007;3.39683e+007;3.3671e+007;3.35972e+007
945000;3.37895e+007;3.36827e+007;3.36926e+007;3.45766e+007;3.41972e+007
950000;3.4063e+007;3.38543e+007;3.3987e+007;3.41808e+007;3.38931e+007
955000;3.4158e+007;3.42067e+007;3.41308e+007;3.40804e+007;3.41782e+007
960000;3.42683e+007;3.4266e+007;3.43158e+007;3.4408e+007;3.42116e+007
965000;3.45911e+007;3.4422e+007;5.50016e+007;3.53062e+007;3.45372e+007
970000;3.48163e+007;3.45953e+007;3.47336e+007;3.47123e+007;3.45843e+007
975000;3.47946e+007;3.50186e+007;3.50939e+007;3.48834e+007;3.47953e+007
980000;3.54639e+007;3.50253e+007;3.50034e+007;3.50579e+007;3.48886e+007
985000;3.52851e+007;3.51081e+007;3.51974e+007;3.53575e+007;3.51612e+007
990000;3.66341e+007;3.53443e+007;3.56233e+007;3.55501e+007;3.5342e+007
995000;3.57483e+007;3.55444e+007;3.57124e+007;3.94494e+007;3.55077e+007
1000000;3.57664e+007;3.5894e+007;3.58811e+007;3.78913e+007;3.60166e+007
1005000;3.60498e+007;3.58266e+007;3.61038e+007;4.04476e+007;3.62404e+007
1010000;3.61782e+007;3.59262e+007;3.66235e+007;3.85595e+007;3.59523e+007
1015000;3.70655e+007;3.63283e+007;3.63018e+007;3.71994e+007;3.6159e+007
1020000;3.71262e+007;3.63363e+007;4.00413e+007;4.07761e+007;3.68029e+007
1025000;3.7042e+007;3.65498e+007;3.67097e+007;3.76008e+007;3.65921e+007
1030000;3.68392e+007;3.68137e+007;3.69788e+007;3.76049e+007;3.6794e+007
1035000;3.73339e+007;3.70468e+007;3.71089e+007;3.79916e+007;3.68834e+007
1040000;3.72107e+007;3.72427e+007;3.72491e+007;3.72049e+007;3.71721e+007
1045000;3.74817e+007;3.72919e+007;3.73751e+007;3.87067e+007;3.72695e+007
1050000;3.75865e+007;3.74586e+007;3.85323e+007;3.76779e+007;3.74965e+007
1055000;3.78111e+007;3.76918e+007;3.77395e+007;3.77605e+007;3.86909e+007
1060000;3.80058e+007;3.78477e+007;3.80452e+007;3.79027e+007;3.77059e+007
1065000;3.81239e+007;3.80736e+007;4.02478e+007;3.80564e+007;3.79552e+007
1070000;3.82584e+007;3.84703e+007;3.83241e+007;3.82436e+007;3.9311e+007
1075000;3.92401e+007;3.83021e+007;7.58935e+007;3.87532e+007;3.83425e+007
1080000;3.86791e+007;3.85142e+007;4.4113e+007;3.85847e+007;3.85967e+007
1085000;3.88055e+007;3.87542e+007;3.89445e+007;3.89944e+007;3.87718e+007
1090000;3.89161e+007;3.90441e+007;3.99255e+007;3.89644e+007;3.88902e+007
1095000;3.94469e+007;3.92224e+007;4.02922e+007;3.91612e+007;3.93943e+007
1100000;3.94105e+007;3.91831e+007;4.03244e+007;3.94013e+007;3.92936e+007
1105000;3.97338e+007;3.94291e+007;4.36743e+007;3.95142e+007;3.94734e+007
1110000;3.98898e+007;3.95961e+007;4.24642e+007;3.96637e+007;3.96135e+007
1115000;4.07278e+007;3.97503e+007;4.8482e+007;3.99836e+007;3.98031e+007
1120000;4.02096e+007;3.99623e+007;4.27144e+007;4.05226e+007;3.99435e+007
1125000;4.04328e+007;4.00826e+007;4.36945e+007;4.03617e+007;3.9992e+007
1130000;4.15401e+007;4.04329e+007;5.10978e+007;4.05513e+007;4.02868e+007
1135000;4.05549e+007;4.07405e+007;6.72101e+007;4.06602e+007;4.05584e+007
1140000;4.08552e+007;4.08034e+007;6.00944e+007;4.09055e+007;4.10266e+007
1145000;4.13663e+007;4.07952e+007;7.4694e+007;4.09672e+007;4.08733e+007
1150000;4.11136e+007;4.11125e+007;7.20397e+007;4.12397e+007;4.11515e+007
1155000;4.153e+007;4.13247e+007;4.1469e+007;4.13683e+007;4.16895e+007
1160000;4.23796e+007;4.13849e+007;4.26052e+007;4.15587e+007;4.14909e+007
1165000;4.21319e+007;4.15955e+007;4.20726e+007;4.18051e+007;4.16521e+007
1170000;4.19336e+007;4.17628e+007;4.20403e+007;4.40655e+007;4.18454e+007
1175000;4.22918e+007;4.18625e+007;4.23035e+007;4.24427e+007;4.22482e+007
1180000;4.22218e+007;4.2174e+007;4.34006e+007;4.28096e+007;4.21155e+007
1185000;4.36218e+007;4.23916e+007;4.4072e+007;4.28816e+007;4.24123e+007
1190000;4.26832e+007;4.25555e+007;4.32867e+007;4.86033e+007;4.23872e+007
1195000;4.32631e+007;4.27881e+007;4.34559e+007;5.33223e+007;4.26551e+007
1200000;4.31835e+007;4.28972e+007;4.35954e+007;5.72156e+007;4.29537e+007
1205000;4.35e+007;4.30482e+007;4.32189e+007;4.36236e+007;4.29856e+007
1210000;4.34878e+007;4.42821e+007;4.36154e+007;4.41248e+007;4.43252e+007
1215000;4.35548e+007;4.34491e+007;4.37954e+007;4.40139e+007;4.34653e+007
1220000;4.38465e+007;4.37161e+007;4.3945e+007;4.38888e+007;4.35087e+007
1225000;4.44335e+007;4.3784e+007;4.40768e+007;4.39827e+007;4.41632e+007
1230000;4.41966e+007;4.39769e+007;4.41754e+007;4.41154e+007;4.3935e+007
1235000;4.45241e+007;4.42056e+007;4.44698e+007;4.42594e+007;4.45035e+007
1240000;4.45506e+007;4.455e+007;4.71189e+007;4.4738e+007;4.43969e+007
1245000;4.47663e+007;4.46662e+007;4.47142e+007;4.4602e+007;4.4684e+007
1250000;4.48018e+007;4.48321e+007;4.53564e+007;4.5392e+007;4.47149e+007
1255000;4.56944e+007;4.48694e+007;4.52052e+007;4.51314e+007;4.49264e+007
1260000;4.53117e+007;4.62379e+007;5.34753e+007;4.5312e+007;4.50067e+007
1265000;4.58139e+007;4.56374e+007;4.55576e+007;4.57234e+007;4.52971e+007
1270000;4.55624e+007;4.55218e+007;4.59707e+007;4.55483e+007;4.55688e+007
1275000;4.57712e+007;4.57467e+007;4.59387e+007;4.5708e+007;4.56359e+007
1280000;4.62121e+007;4.61106e+007;4.62571e+007;4.63117e+007;4.58774e+007
1285000;4.61349e+007;4.5962e+007;6.11759e+007;4.6228e+007;4.60343e+007
1290000;4.66524e+007;5.05399e+007;4.73728e+007;4.79826e+007;4.6132e+007
1295000;4.80059e+007;4.63507e+007;4.74494e+007;4.65047e+007;4.68244e+007
1300000;4.79408e+007;4.67124e+007;4.77282e+007;4.66935e+007;4.66607e+007
1305000;4.84582e+007;4.69409e+007;4.80889e+007;4.71482e+007;4.68678e+007
1310000;4.85553e+007;4.68594e+007;6.20485e+007;4.70404e+007;4.69738e+007
1315000;4.85568e+007;4.70816e+007;4.76558e+007;4.72794e+007;4.70766e+007
1320000;4.86878e+007;4.71849e+007;4.78285e+007;4.73202e+007;4.73212e+007
1325000;4.8678e+007;4.77965e+007;5.73773e+007;5.04912e+007;4.75305e+007
1330000;4.92446e+007;4.77056e+007;6.66818e+007;5.16967e+007;4.78863e+007
1335000;5.75938e+007;4.84414e+007;5.56025e+007;5.72868e+007;4.78484e+007
1340000;4.84845e+007;4.79819e+007;5.58783e+007;5.71374e+007;5.09806e+007
1345000;4.84424e+007;4.83487e+007;5.5502e+007;6.71812e+007;4.82273e+007
1350000;4.89516e+007;4.84224e+007;5.55808e+007;5.73856e+007;4.83944e+007
1355000;4.91335e+007;4.84916e+007;5.33415e+007;5.75141e+007;4.84578e+007
1360000;5.15221e+007;4.89333e+007;6.45425e+007;5.46599e+007;4.87595e+007
1365000;4.9639e+007;4.94313e+007;5.56717e+007;5.37037e+007;4.88848e+007
1370000;4.93284e+007;4.92221e+007;4.96505e+007;5.12382e+007;4.92259e+007
1375000;4.93865e+007;4.92535e+007;4.99323e+007;5.32122e+007;4.9195e+007
1380000;4.99668e+007;4.96927e+007;5.07472e+007;5.47934e+007;4.95942e+007
1385000;4.9855e+007;4.97763e+007;5.00909e+007;5.55896e+007;4.96529e+007
1390000;5.00833e+007;4.99593e+007;5.02021e+007;5.02068e+007;4.98669e+007
1395000;5.01536e+007;5.01009e+007;5.04184e+007;5.02749e+007;5.06383e+007
1400000;5.05719e+007;5.02294e+007;5.05685e+007;5.03543e+007;5.02521e+007
1405000;5.0744e+007;5.03659e+007;5.10326e+007;5.09508e+007;5.0425e+007
1410000;5.07103e+007;5.1897e+007;5.10021e+007;5.07332e+007;5.05137e+007
1415000;5.10596e+007;5.0785e+007;5.14386e+007;5.09359e+007;5.11722e+007
1420000;5.11681e+007;5.10603e+007;5.14781e+007;5.25314e+007;5.10396e+007
1425000;5.14653e+007;5.1135e+007;5.15634e+007;5.17982e+007;5.11405e+007
1430000;5.1826e+007;5.14188e+007;5.16627e+007;5.13784e+007;5.15695e+007
1435000;5.17229e+007;5.20334e+007;5.19927e+007;5.1709e+007;5.15897e+007
1440000;5.21402e+007;5.18054e+007;7.32726e+007;5.52223e+007;5.16699e+007
1445000;5.19606e+007;5.19582e+007;5.23935e+007;5.27534e+007;5.21044e+007
1450000;5.24109e+007;5.21463e+007;5.23064e+007;5.24222e+007;5.52797e+007
1455000;6.12081e+007;5.22085e+007;5.26351e+007;5.26392e+007;5.2322e+007
1460000;5.27477e+007;5.26453e+007;5.26086e+007;5.41945e+007;5.25156e+007
1465000;5.26355e+007;5.26959e+007;5.28317e+007;5.55717e+007;5.28352e+007
1470000;5.30442e+007;5.30196e+007;5.31043e+007;5.2958e+007;5.28853e+007
1475000;5.34013e+007;5.3028e+007;5.31569e+007;5.40007e+007;5.47476e+007
1480000;5.34088e+007;5.36959e+007;5.33376e+007;5.35087e+007;5.46536e+007
1485000;5.35479e+007;5.32632e+007;5.48384e+007;5.34397e+007;5.76042e+007
1490000;5.37895e+007;5.34696e+007;5.38721e+007;5.39321e+007;5.49728e+007
1495000;5.46196e+007;5.37239e+007;5.40928e+007;5.41201e+007;5.51231e+007
1500000;5.42062e+007;5.39057e+007;5.39998e+007;5.40815e+007;5.40782e+007
1505000;5.44518e+007;5.40332e+007;5.4341e+007;5.44574e+007;5.41366e+007
1510000;5.45271e+007;5.42816e+007;5.45069e+007;5.5241e+007;5.42552e+007
1515000;5.46661e+007;5.4839e+007;5.45627e+007;5.48484e+007;5.80319e+007
1520000;5.51357e+007;5.46259e+007;5.47942e+007;5.50493e+007;5.70348e+007
1525000;5.54177e+007;5.49454e+007;5.64343e+007;5.61536e+007;5.61341e+007
1530000;5.86017e+007;5.50552e+007;5.56108e+007;5.8817e+007;5.50831e+007
1535000;5.81447e+007;5.51579e+007;5.57777e+007;5.6176e+007;5.5062e+007
1540000;5.58078e+007;5.59542e+007;5.58254e+007;5.5633e+007;5.55924e+007
1545000;5.56505e+007;5.56966e+007;5.56286e+007;5.57653e+007;5.57158e+007
1550000;5.60629e+007;5.58261e+007;5.66128e+007;5.61448e+007;5.56313e+007
1555000;5.62552e+007;5.60227e+007;5.62755e+007;5.7288e+007;5.62216e+007
1560000;5.62424e+007;5.62501e+007;5.65244e+007;5.65511e+007;5.61285e+007
1565000;5.6656e+007;5.64773e+007;5.65763e+007;5.79075e+007;5.70376e+007
1570000;5.69261e+007;5.65247e+007;5.70205e+007;5.66527e+007;5.63429e+007
1575000;5.68002e+007;5.71502e+007;5.69173e+007;5.68512e+007;5.68468e+007
1580000;5.71474e+007;5.69961e+007;5.71827e+007;5.7113e+007;5.67462e+007
1585000;5.72601e+007;5.72631e+007;5.91274e+007;5.75253e+007;5.95134e+007
1590000;5.78643e+007;5.73369e+007;5.79829e+007;5.74832e+007;5.77419e+007
1595000;5.77564e+007;5.76642e+007;5.76839e+007;6.20333e+007;5.75117e+007
1600000;5.78167e+007;5.78772e+007;5.80197e+007;5.794e+007;5.76565e+007
1605000;5.82375e+007;9.24697e+007;5.80016e+007;5.79475e+007;5.82908e+007
1610000;5.82084e+007;5.83858e+007;5.83948e+007;5.85112e+007;5.8313e+007
1615000;5.84672e+007;5.91455e+007;5.91578e+007;5.85845e+007;5.81992e+007
1620000;5.8669e+007;5.85912e+007;5.85059e+007;5.89639e+007;5.88964e+007
1625000;5.89308e+007;5.95195e+007;5.87148e+007;5.8803e+007;5.91708e+007
1630000;5.91484e+007;5.88651e+007;5.89982e+007;6.0485e+007;5.90026e+007
1635000;6.02418e+007;5.93635e+007;5.92612e+007;5.93953e+007;5.90545e+007
1640000;6.065e+007;6.1611e+007;5.94036e+007;5.93234e+007;6.03339e+007
1645000;5.9616e+007;5.96783e+007;5.95311e+007;5.95461e+007;5.98807e+007
1650000;6.00038e+007;6.01681e+007;6.00906e+007;5.9892e+007;6.00065e+007
1655000;6.00567e+007;6.27028e+007;6.10696e+007;5.98876e+007;6.22684e+007
1660000;6.0326e+007;6.29582e+007;6.03242e+007;6.09047e+007;6.27484e+007
1665000;6.07432e+007;6.14377e+007;6.02865e+007;6.06638e+007;6.12026e+007
1670000;6.06503e+007;6.13221e+007;6.09701e+007;6.06174e+007;6.08202e+007
1675000;6.06373e+007;6.64592e+007;6.0637e+007;6.07499e+007;6.62769e+007
1680000;6.12889e+007;6.1139e+007;6.10772e+007;6.10662e+007;6.07426e+007
1685000;6.12187e+007;6.23095e+007;6.0917e+007;6.24796e+007;6.16289e+007
1690000;6.13982e+007;6.18365e+007;6.16689e+007;6.14776e+007;6.13203e+007
1695000;6.16899e+007;6.20315e+007;6.16221e+007;6.36735e+007;6.30663e+007
1700000;6.20225e+007;6.17734e+007;6.44896e+007;6.18215e+007;6.17613e+007
1705000;6.22989e+007;6.20023e+007;6.38876e+007;7.42135e+007;6.27023e+007
1710000;6.19172e+007;6.29858e+007;6.23658e+007;8.80674e+007;6.19747e+007
1715000;6.20824e+007;6.20907e+007;6.26334e+007;7.42759e+007;6.28059e+007
1720000;6.25079e+007;6.24745e+007;8.61042e+007;6.96121e+007;6.19394e+007
1725000;6.26056e+007;6.25678e+007;6.26284e+007;6.78405e+007;6.24249e+007
1730000;6.31825e+007;6.25922e+007;6.28048e+007;6.39379e+007;6.24296e+007
1735000;6.28814e+007;6.31532e+007;6.30665e+007;6.52683e+007;6.28165e+007
1740000;6.30943e+007;6.31204e+007;6.30774e+007;6.87637e+007;6.28856e+007
1745000;6.33932e+007;6.44744e+007;6.3613e+007;6.56098e+007;6.34847e+007
1750000;6.37111e+007;6.3306e+007;7.83212e+007;6.7706e+007;6.31967e+007
1755000;6.37217e+007;6.36188e+007;6.38596e+007;6.65448e+007;6.35029e+007
1760000;6.41484e+007;6.3731e+007;6.38713e+007;6.83098e+007;6.35569e+007
1765000;6.40085e+007;6.40425e+007;6.40394e+007;7.15874e+007;6.39659e+007
1770000;6.42925e+007;6.4193e+007;6.4467e+007;6.43758e+007;6.41015e+007
1775000;6.46179e+007;6.47978e+007;6.45462e+007;6.74303e+007;6.45437e+007
1780000;6.48311e+007;6.50668e+007;1.10015e+008;7.42906e+007;6.44449e+007
1785000;6.5702e+007;6.47818e+007;6.47848e+007;7.24935e+007;6.46423e+007
1790000;6.71455e+007;6.53803e+007;6.489e+007;6.62711e+007;6.46587e+007
1795000;6.58311e+007;6.53044e+007;6.5003e+007;6.70987e+007;6.4923e+007
1800000;6.69138e+007;6.52931e+007;6.55497e+007;6.61922e+007;6.49583e+007
1805000;6.61835e+007;6.56903e+007;6.79974e+007;6.66807e+007;6.53171e+007
1810000;6.64598e+007;6.57217e+007;9.91549e+007;6.58198e+007;6.55994e+007
1815000;6.68239e+007;6.59271e+007;6.66446e+007;6.61846e+007;6.56764e+007
1820000;6.73585e+007;6.61966e+007;6.73513e+007;6.59764e+007;6.59315e+007
1825000;6.793e+007;6.67315e+007;6.63023e+007;6.69675e+007;6.58835e+007
1830000;6.7959e+007;6.65133e+007;6.64634e+007;6.71924e+007;6.62703e+007
1835000;6.94815e+007;6.66483e+007;7.83976e+007;7.11584e+007;6.65251e+007
1840000;6.83073e+007;6.67299e+007;7.68898e+007;7.64137e+007;6.68802e+007
1845000;7.60229e+007;6.72389e+007;1.16173e+008;9.31439e+007;6.77616e+007
1850000;6.77464e+007;6.74135e+007;1.27453e+008;8.54543e+007;6.73731e+007
1855000;6.80125e+007;6.74289e+007;9.05324e+007;9.24144e+007;6.72682e+007
1860000;6.86278e+007;6.76073e+007;6.82607e+007;7.30399e+007;6.70845e+007
1865000;7.02428e+007;6.82144e+007;6.99407e+007;7.04016e+007;6.75281e+007
1870000;7.48501e+007;6.7833e+007;7.69243e+007;7.90696e+007;6.76615e+007
1875000;7.50141e+007;6.81084e+007;8.03551e+007;6.93109e+007;6.78379e+007
1880000;6.88569e+007;6.84059e+007;1.09566e+008;7.02374e+007;6.81147e+007
1885000;6.89987e+007;6.85761e+007;6.8637e+007;7.06791e+007;6.81887e+007
1890000;6.90799e+007;6.87996e+007;6.93161e+007;8.12012e+007;6.85436e+007
1895000;6.92713e+007;6.89148e+007;6.89021e+007;7.75515e+007;6.87097e+007
1900000;7.00442e+007;6.92922e+007;7.03795e+007;7.01248e+007;6.92823e+007
1905000;6.98764e+007;6.91339e+007;7.11175e+007;6.92368e+007;6.92955e+007
1910000;7.01238e+007;6.97665e+007;6.95468e+007;7.14737e+007;6.91498e+007
1915000;6.96665e+007;9.35232e+007;7.00485e+007;6.99125e+007;6.94716e+007
1920000;7.02302e+007;7.04328e+007;6.99764e+007;7.0035e+007;6.98517e+007
1925000;7.04238e+007;7.03244e+007;6.99701e+007;7.08252e+007;7.02527e+007
1930000;7.05919e+007;6.99307e+007;7.02899e+007;7.35984e+007;7.03155e+007
1935000;7.19992e+007;7.00391e+007;7.04332e+007;7.1226e+007;7.03095e+007
1940000;7.09651e+007;7.05935e+007;7.06049e+007;7.07902e+007;7.0303e+007
1945000;7.07617e+007;7.11242e+007;7.11525e+007;7.08339e+007;7.06751e+007
1950000;7.08963e+007;7.08703e+007;7.0976e+007;7.14733e+007;7.08612e+007
1955000;7.14872e+007;7.13774e+007;7.29793e+007;7.11766e+007;7.21622e+007
1960000;7.19168e+007;7.12858e+007;7.27827e+007;7.14865e+007;7.10183e+007
1965000;7.15698e+007;7.14201e+007;7.29475e+007;7.51325e+007;7.18984e+007
1970000;7.21459e+007;7.18021e+007;7.31464e+007;7.19863e+007;7.15238e+007
1975000;7.23193e+007;7.16714e+007;7.3493e+007;7.2013e+007;7.284e+007
1980000;7.24757e+007;7.19497e+007;7.23263e+007;7.25391e+007;7.34064e+007
1985000;7.30833e+007;7.18677e+007;7.25682e+007;7.41399e+007;7.37026e+007
1990000;7.31275e+007;7.2558e+007;7.27383e+007;7.26439e+007;7.37785e+007
1995000;7.39159e+007;7.2637e+007;7.25931e+007;7.27423e+007;7.29571e+007
2000000;7.27815e+007;7.26463e+007;7.4391e+007;7.27365e+007;7.49492e+007
2005000;7.32225e+007;7.29324e+007;7.40439e+007;7.31614e+007;7.44887e+007
2010000;7.31477e+007;7.30619e+007;7.34963e+007;7.31459e+007;7.36314e+007
2015000;7.38068e+007;7.30585e+007;7.42992e+007;7.34495e+007;7.36458e+007
2020000;7.35873e+007;7.34306e+007;7.50172e+007;7.38605e+007;7.5086e+007
2025000;7.39135e+007;7.372e+007;7.39936e+007;7.38583e+007;7.36502e+007
2030000;7.43716e+007;7.35263e+007;7.46659e+007;7.42397e+007;7.43283e+007
2035000;7.48765e+007;7.39652e+007;7.58741e+007;7.55237e+007;7.36351e+007
2040000;7.42949e+007;7.39201e+007;7.47242e+007;7.90914e+007;7.41877e+007
2045000;8.18384e+007;7.44827e+007;8.19419e+007;7.65893e+007;7.45711e+007
2050000;7.52184e+007;7.4315e+007;7.46966e+007;7.5085e+007;7.48648e+007
2055000;7.50345e+007;7.5108e+007;7.5011e+007;7.50592e+007;7.45804e+007
2060000;7.51716e+007;7.58661e+007;7.50275e+007;7.50105e+007;7.48161e+007
2065000;7.55077e+007;7.52394e+007;7.52816e+007;7.53409e+007;7.53536e+007
2070000;7.7283e+007;7.50583e+007;7.67043e+007;7.55803e+007;7.52656e+007
2075000;7.56578e+007;7.53379e+007;7.5727e+007;7.59097e+007;7.56858e+007
2080000;7.59674e+007;7.56736e+007;7.60285e+007;7.89938e+007;7.55185e+007
2085000;7.60426e+007;7.56891e+007;7.65028e+007;7.64364e+007;7.58866e+007
2090000;7.61419e+007;7.57252e+007;7.66129e+007;7.65142e+007;7.62164e+007
2095000;7.65419e+007;7.6228e+007;7.67357e+007;8.32249e+007;7.65642e+007
2100000;7.66091e+007;7.66092e+007;7.64198e+007;8.01047e+007;7.65894e+007
2105000;7.71285e+007;7.6448e+007;7.68701e+007;7.66146e+007;7.6491e+007
2110000;7.72247e+007;7.73768e+007;7.71252e+007;7.6874e+007;7.68505e+007
2115000;7.76185e+007;7.68271e+007;7.82936e+007;8.90873e+007;7.72886e+007
2120000;7.80221e+007;7.72772e+007;7.7269e+007;7.99217e+007;7.69637e+007
2125000;7.74905e+007;7.73898e+007;7.75287e+007;8.75321e+007;7.73108e+007
2130000;7.82601e+007;7.77571e+007;7.79344e+007;8.02928e+007;7.74533e+007
2135000;7.80565e+007;7.78894e+007;7.81382e+007;8.01328e+007;7.75308e+007
2140000;7.85978e+007;7.76402e+007;8.51479e+007;7.9336e+007;7.76396e+007
2145000;7.84555e+007;7.81129e+007;8.17465e+007;8.20139e+007;7.81248e+007
2150000;7.83657e+007;7.9329e+007;7.9623e+007;7.9592e+007;7.81226e+007
2155000;7.86498e+007;7.84277e+007;7.86921e+007;7.86367e+007;7.8404e+007
2160000;7.95063e+007;7.85808e+007;7.91089e+007;7.93807e+007;7.99577e+007
2165000;7.91853e+007;7.89786e+007;7.88276e+007;8.64871e+007;7.87528e+007
2170000;7.91906e+007;7.91576e+007;7.94159e+007;8.28893e+007;7.90961e+007
2175000;7.9409e+007;7.90607e+007;7.95857e+007;7.94111e+007;7.91231e+007
2180000;7.95517e+007;7.94474e+007;7.93819e+007;7.97968e+007;7.9545e+007
2185000;8.0834e+007;7.99612e+007;7.96846e+007;7.98557e+007;7.94476e+007
2190000;8.01523e+007;7.98391e+007;8.00359e+007;8.0481e+007;7.9679e+007
2195000;8.0436e+007;8.40476e+007;8.04721e+007;9.08168e+007;7.98302e+007
2200000;8.0727e+007;8.0299e+007;8.57673e+007;8.05373e+007;8.03079e+007
2205000;8.11579e+007;8.03394e+007;8.73383e+007;8.49896e+007;8.04023e+007
2210000;9.74793e+007;8.06432e+007;8.16231e+007;8.09896e+007;8.09518e+007
2215000;8.18194e+007;8.10143e+007;8.82606e+007;8.23189e+007;8.12962e+007
2220000;8.19163e+007;8.09928e+007;8.13404e+007;8.75154e+007;8.08387e+007
2225000;8.20896e+007;8.09238e+007;1.16854e+008;9.22518e+007;8.2169e+007
2230000;8.18177e+007;8.26437e+007;9.18977e+007;9.22119e+007;8.11876e+007
2235000;8.35877e+007;8.14247e+007;9.27873e+007;1.08407e+008;8.14016e+007
2240000;8.55804e+007;8.17948e+007;1.26854e+008;8.47381e+007;8.15732e+007
2245000;8.38326e+007;8.20067e+007;1.21579e+008;9.05978e+007;8.26557e+007
2250000;8.40985e+007;8.22875e+007;1.17818e+008;8.4844e+007;8.29231e+007
2255000;8.40339e+007;8.22424e+007;8.89966e+007;8.61166e+007;8.23242e+007
2260000;8.29744e+007;8.23432e+007;8.95072e+007;8.30399e+007;8.23981e+007
2265000;8.27742e+007;8.35302e+007;8.42575e+007;8.28969e+007;8.24489e+007
2270000;8.34068e+007;8.37836e+007;8.39693e+007;8.3145e+007;8.25332e+007
2275000;8.31313e+007;8.49987e+007;8.33343e+007;8.63585e+007;8.26425e+007
2280000;8.33979e+007;8.33398e+007;8.32366e+007;8.3882e+007;8.28886e+007
2285000;8.3489e+007;8.31761e+007;8.35772e+007;8.38431e+007;8.35265e+007
2290000;8.50868e+007;8.59153e+007;8.38474e+007;9.08737e+007;8.48724e+007
2295000;8.38781e+007;8.35656e+007;9.09002e+007;8.69708e+007;8.35112e+007
2300000;8.41388e+007;8.38859e+007;8.41346e+007;8.45401e+007;8.37823e+007
2305000;8.44042e+007;8.51405e+007;8.47255e+007;8.46035e+007;8.39644e+007
2310000;8.44624e+007;8.50787e+007;8.60628e+007;8.45653e+007;8.45363e+007
2315000;8.49903e+007;8.45416e+007;8.49047e+007;8.50575e+007;8.4383e+007
2320000;8.52741e+007;8.45486e+007;8.51916e+007;8.54802e+007;8.50746e+007
2325000;8.52491e+007;8.54701e+007;8.50848e+007;8.51402e+007;8.47146e+007
2330000;8.53721e+007;8.55303e+007;8.52123e+007;8.51876e+007;8.51421e+007
2335000;8.54645e+007;8.52929e+007;8.55384e+007;8.54518e+007;8.49953e+007
2340000;8.5605e+007;8.54456e+007;8.57415e+007;8.58454e+007;8.53834e+007
2345000;8.57109e+007;8.66917e+007;8.58544e+007;8.59883e+007;8.62786e+007
2350000;8.60119e+007;8.57518e+007;8.75631e+007;8.59385e+007;8.95418e+007
2355000;8.63899e+007;8.61476e+007;8.75004e+007;8.64311e+007;8.77762e+007
2360000;8.61938e+007;8.63207e+007;8.64941e+007;8.76285e+007;8.73857e+007
2365000;8.66456e+007;8.61735e+007;8.74031e+007;8.65863e+007;8.6252e+007
2370000;8.78946e+007;8.67832e+007;8.77932e+007;9.44247e+007;8.81946e+007
2375000;8.72191e+007;8.64216e+007;8.70245e+007;8.74581e+007;8.96573e+007
2380000;8.88027e+007;8.68504e+007;8.73777e+007;8.79748e+007;8.6833e+007
2385000;8.94345e+007;8.69551e+007;8.83921e+007;9.60256e+007;8.72957e+007
2390000;8.80639e+007;8.72441e+007;8.94805e+007;8.76968e+007;8.75617e+007
2395000;8.80166e+007;8.74102e+007;8.7561e+007;8.76582e+007;8.74321e+007
2400000;8.78238e+007;8.76071e+007;8.79859e+007;9.11769e+007;1.00073e+008
2405000;8.81465e+007;8.77149e+007;8.97056e+007;8.84415e+007;8.77413e+007
2410000;8.85774e+007;8.79206e+007;9.07978e+007;8.9666e+007;8.79746e+007
2415000;8.84432e+007;8.8196e+007;8.82586e+007;8.83768e+007;8.84545e+007
2420000;8.88717e+007;8.8181e+007;8.85808e+007;8.86178e+007;1.10337e+008
2425000;8.88093e+007;8.84727e+007;8.88359e+007;8.90737e+007;8.8585e+007
2430000;8.90997e+007;8.86065e+007;8.96331e+007;8.97679e+007;8.90724e+007
2435000;8.9205e+007;8.90722e+007;8.92642e+007;8.92195e+007;8.87786e+007
2440000;8.96747e+007;8.91086e+007;8.94471e+007;9.035e+007;8.94318e+007
2445000;8.9466e+007;8.97842e+007;9.06793e+007;8.98779e+007;8.94468e+007
2450000;9.02388e+007;8.95683e+007;9.24315e+007;9.76142e+007;9.0624e+007
2455000;9.00067e+007;8.97477e+007;9.12595e+007;9.31858e+007;8.95192e+007
2460000;9.09532e+007;9.02635e+007;8.99913e+007;9.03352e+007;9.04326e+007
2465000;9.08054e+007;9.00811e+007;9.65339e+007;9.04443e+007;8.99762e+007
2470000;9.07319e+007;9.02632e+007;9.07481e+007;9.04488e+007;9.04866e+007
2475000;9.09011e+007;9.10719e+007;9.1852e+007;9.09717e+007;9.15884e+007
2480000;9.08813e+007;9.1516e+007;9.42947e+007;9.11634e+007;9.12754e+007
2485000;9.11437e+007;9.14259e+007;9.21222e+007;9.1042e+007;9.12857e+007
2490000;9.14979e+007;9.10611e+007;9.13808e+007;9.13338e+007;9.14279e+007
2495000;9.15666e+007;9.29501e+007;9.20715e+007;9.18831e+007;9.28555e+007
2500000;9.15593e+007;9.1404e+007;9.165e+007;9.16483e+007;9.12975e+007
2505000;9.18087e+007;9.2218e+007;9.19814e+007;9.20517e+007;9.18229e+007
2510000;9.18492e+007;9.56317e+007;9.35947e+007;9.19172e+007;9.86952e+007
2515000;9.22753e+007;9.22886e+007;9.23481e+007;9.28235e+007;9.24958e+007
2520000;9.2455e+007;9.3643e+007;9.32066e+007;9.24178e+007;9.31345e+007
2525000;9.25835e+007;1.00614e+008;9.25869e+007;9.64904e+007;1.0055e+008
2530000;9.30463e+007;1.02887e+008;9.30442e+007;9.66246e+007;1.04566e+008
2535000;9.29048e+007;9.48352e+007;1.03708e+008;9.41705e+007;9.48972e+007
2540000;9.32683e+007;9.36841e+007;1.09756e+008;1.06856e+008;9.33578e+007
2545000;9.34734e+007;9.44033e+007;1.02771e+008;1.06888e+008;9.39494e+007
2550000;9.35698e+007;9.31451e+007;1.15366e+008;1.06502e+008;9.62824e+007
2555000;9.49895e+007;9.3827e+007;1.1095e+008;1.09944e+008;9.33192e+007
2560000;9.63047e+007;9.34455e+007;9.48675e+007;9.54159e+007;9.38485e+007
2565000;9.55276e+007;9.40492e+007;9.55626e+007;1.15171e+008;9.34264e+007
2570000;9.48635e+007;9.39499e+007;9.40102e+007;9.67282e+007;9.5395e+007
2575000;9.47783e+007;9.4082e+007;9.54977e+007;9.83634e+007;9.58224e+007
2580000;1.0176e+008;9.41256e+007;9.46089e+007;9.4668e+007;1.09844e+008
2585000;9.56747e+007;9.47955e+007;9.92766e+007;9.47304e+007;9.4424e+007
2590000;9.50999e+007;9.49542e+007;9.50421e+007;9.64812e+007;9.59823e+007
2595000;9.52875e+007;9.49093e+007;9.54288e+007;9.57256e+007;9.48934e+007
2600000;9.545e+007;1.0039e+008;9.55359e+007;9.54101e+007;9.48917e+007
2605000;1.01072e+008;9.54469e+007;1.33977e+008;9.74443e+007;9.50879e+007
2610000;9.74681e+007;9.54487e+007;9.59204e+007;1.0363e+008;9.58607e+007
2615000;9.76625e+007;9.57569e+007;9.68627e+007;9.59722e+007;9.54786e+007
2620000;1.01803e+008;9.57618e+007;9.78107e+007;9.65247e+007;9.57604e+007
2625000;1.00125e+008;9.58441e+007;9.77945e+007;9.62187e+007;9.59892e+007
2630000;9.81218e+007;9.60385e+007;9.66846e+007;9.65598e+007;9.59137e+007
2635000;9.68105e+007;9.74423e+007;9.76639e+007;9.95621e+007;9.62815e+007
2640000;9.70829e+007;9.80083e+007;1.05542e+008;9.85402e+007;9.64774e+007
2645000;9.83842e+007;9.77266e+007;9.69248e+007;9.7161e+007;1.0309e+008
2650000;9.7594e+007;1.00978e+008;9.73376e+007;9.71272e+007;9.69479e+007
2655000;9.76049e+007;9.80109e+007;9.83842e+007;9.73903e+007;9.69727e+007
2660000;9.76318e+007;9.90699e+007;1.02437e+008;9.74484e+007;9.82248e+007
2665000;9.81391e+007;9.74459e+007;9.79202e+007;9.91942e+007;9.90714e+007
2670000;9.83773e+007;9.86767e+007;9.85351e+007;9.82413e+007;9.90954e+007
2675000;9.84058e+007;9.78277e+007;9.82295e+007;9.83821e+007;1.0396e+008
2680000;9.90665e+007;9.89117e+007;1.0784e+008;9.93722e+007;9.95301e+007
2685000;9.89201e+007;9.84835e+007;9.96849e+007;9.84805e+007;9.82515e+007
2690000;9.93745e+007;9.92233e+007;9.86189e+007;1.04661e+008;9.96743e+007
2695000;9.92729e+007;9.89049e+007;1.0036e+008;1.00265e+008;9.85834e+007
2700000;9.99081e+007;9.90913e+007;9.90409e+007;1.00192e+008;9.87019e+007
2705000;9.9665e+007;9.88751e+007;9.94053e+007;9.92357e+007;9.9262e+007
2710000;9.99817e+007;9.94808e+007;1.00084e+008;1.01152e+008;9.9055e+007
2715000;1.00593e+008;9.93771e+007;1.07935e+008;9.99844e+007;9.92479e+007
2720000;1.0109e+008;1.00021e+008;1.02241e+008;1.0195e+008;1.05034e+008
2725000;1.04915e+008;9.97267e+007;1.00448e+008;1.00954e+008;9.96032e+007
2730000;1.03012e+008;1.00394e+008;1.02408e+008;1.0098e+008;1.0022e+008
2735000;1.00634e+008;1.00698e+008;1.02705e+008;1.02137e+008;9.98834e+007
2740000;1.00899e+008;1.00445e+008;1.00813e+008;1.00668e+008;1.00608e+008
2745000;1.01755e+008;1.01379e+008;1.01464e+008;1.00724e+008;1.01105e+008
2750000;1.01654e+008;1.00884e+008;1.07343e+008;1.02314e+008;1.00642e+008
2755000;1.02842e+008;1.02481e+008;1.08787e+008;1.04005e+008;1.00813e+008
2760000;1.0295e+008;1.00986e+008;1.01683e+008;1.02097e+008;1.01051e+008
2765000;1.02073e+008;1.01445e+008;1.01486e+008;1.0953e+008;1.00984e+008
2770000;1.02891e+008;1.01384e+008;1.0251e+008;1.01905e+008;1.01576e+008
2775000;1.02296e+008;1.01996e+008;1.02155e+008;1.02265e+008;1.04446e+008
2780000;1.02358e+008;1.01609e+008;1.02214e+008;1.02479e+008;1.01773e+008
2785000;1.02905e+008;1.01837e+008;1.03048e+008;1.02208e+008;1.0181e+008
2790000;1.02823e+008;1.02238e+008;1.02631e+008;1.02612e+008;1.02088e+008
2795000;1.03081e+008;1.02377e+008;1.02863e+008;1.0258e+008;1.02922e+008
2800000;1.03338e+008;1.03219e+008;1.02704e+008;1.02674e+008;1.02967e+008
2805000;1.0334e+008;1.02742e+008;1.04499e+008;1.05145e+008;1.04696e+008
2810000;1.03526e+008;1.04386e+008;1.03228e+008;1.04648e+008;1.02989e+008
2815000;1.03862e+008;1.08549e+008;1.03314e+008;1.03654e+008;1.03109e+008
2820000;1.04173e+008;1.03396e+008;1.03592e+008;1.0351e+008;1.03295e+008
2825000;1.04904e+008;1.07429e+008;1.1766e+008;1.04639e+008;1.035e+008
2830000;1.04716e+008;1.03615e+008;1.18039e+008;1.15535e+008;1.09351e+008
2835000;1.04757e+008;1.03896e+008;1.22286e+008;1.1942e+008;1.03588e+008
2840000;1.04265e+008;1.04422e+008;1.28715e+008;1.26695e+008;1.04186e+008
2845000;1.04982e+008;1.045e+008;1.084e+008;1.21711e+008;1.04452e+008
2850000;1.0644e+008;1.04625e+008;1.05678e+008;1.13958e+008;1.04669e+008
2855000;1.06435e+008;1.04638e+008;1.05013e+008;1.3198e+008;1.04464e+008
2860000;1.10978e+008;1.0546e+008;1.05168e+008;1.35921e+008;1.05268e+008
2865000;1.19892e+008;1.05087e+008;1.05244e+008;1.12559e+008;1.05029e+008
2870000;1.0623e+008;1.05415e+008;1.06621e+008;1.06816e+008;1.1039e+008
2875000;1.05897e+008;1.05546e+008;1.06005e+008;1.0599e+008;1.05367e+008
2880000;1.07476e+008;1.05457e+008;1.06066e+008;1.07265e+008;1.05429e+008
2885000;1.08116e+008;1.05668e+008;1.07062e+008;1.0646e+008;1.10028e+008
2890000;1.06286e+008;1.05718e+008;1.06822e+008;1.08659e+008;1.05564e+008
2895000;1.11968e+008;1.06644e+008;1.11592e+008;1.08742e+008;1.06352e+008
2900000;1.0685e+008;1.29716e+008;1.07551e+008;1.07896e+008;1.06691e+008
2905000;1.06694e+008;1.06794e+008;1.08083e+008;1.07815e+008;1.06352e+008
2910000;1.07012e+008;1.06781e+008;1.07828e+008;1.08158e+008;1.06564e+008
2915000;1.0835e+008;1.08633e+008;1.07144e+008;1.07148e+008;1.0707e+008
2920000;1.07454e+008;1.08484e+008;1.0746e+008;1.09529e+008;1.11983e+008
2925000;1.07615e+008;1.08563e+008;1.09082e+008;1.11545e+008;1.07328e+008
2930000;1.07833e+008;1.14795e+008;1.07823e+008;1.08009e+008;1.07447e+008
2935000;1.12755e+008;1.08315e+008;1.07951e+008;1.33662e+008;1.07555e+008
2940000;1.08038e+008;1.08064e+008;1.0954e+008;1.09329e+008;1.08348e+008
2945000;1.08532e+008;1.08669e+008;1.08411e+008;1.16322e+008;1.07798e+008
2950000;1.09503e+008;1.08385e+008;1.08562e+008;1.08819e+008;1.09168e+008
2955000;1.08616e+008;1.08538e+008;1.09565e+008;1.12498e+008;1.1564e+008
2960000;1.09364e+008;1.09144e+008;1.12086e+008;1.188e+008;1.10472e+008
2965000;1.09364e+008;1.0905e+008;1.09102e+008;1.09174e+008;1.08676e+008
2970000;1.10162e+008;1.08939e+008;1.09127e+008;1.09348e+008;1.09565e+008
2975000;1.09624e+008;1.08981e+008;1.11706e+008;1.10942e+008;1.10876e+008
2980000;1.0955e+008;1.09421e+008;1.09708e+008;1.1052e+008;1.097e+008
2985000;1.14361e+008;1.2433e+008;1.09682e+008;1.10656e+008;1.09449e+008
2990000;1.10307e+008;1.09462e+008;1.10037e+008;1.1141e+008;1.17174e+008
2995000;1.10128e+008;1.10122e+008;1.11151e+008;1.10846e+008;1.12902e+008
3000000;1.10825e+008;1.10174e+008;1.11273e+008;1.1007e+008;1.09758e+008
3005000;1.13041e+008;1.1027e+008;1.10325e+008;1.10923e+008;1.10149e+008
3010000;1.11024e+008;1.10376e+008;1.13301e+008;1.18818e+008;1.10329e+008
3015000;1.11029e+008;1.1071e+008;1.11813e+008;1.1081e+008;1.10604e+008
3020000;1.11609e+008;1.11827e+008;1.1309e+008;1.12589e+008;1.10745e+008
3025000;1.11116e+008;1.11136e+008;1.12086e+008;1.11673e+008;1.13683e+008
3030000;1.11636e+008;1.11258e+008;1.11382e+008;1.2696e+008;1.11768e+008
3035000;1.11937e+008;1.11316e+008;1.12775e+008;1.12274e+008;1.11375e+008
3040000;1.11868e+008;1.1189e+008;1.1182e+008;1.21152e+008;1.11966e+008
3045000;1.15485e+008;1.11811e+008;1.12418e+008;1.11934e+008;1.11558e+008
3050000;1.12426e+008;1.12222e+008;1.12606e+008;1.22007e+008;1.12244e+008
3055000;1.1373e+008;1.12198e+008;1.128e+008;1.12598e+008;1.11918e+008
3060000;1.13847e+008;1.12389e+008;1.15772e+008;1.13015e+008;1.1213e+008
3065000;1.13028e+008;1.12423e+008;1.1812e+008;1.16514e+008;1.12857e+008
3070000;1.26036e+008;1.12642e+008;1.15935e+008;1.16689e+008;1.12526e+008
3075000;1.13322e+008;1.12848e+008;1.14394e+008;1.1336e+008;1.18828e+008
3080000;1.13704e+008;1.13189e+008;1.13638e+008;1.1349e+008;1.13005e+008
3085000;1.13627e+008;1.13375e+008;1.13689e+008;1.14544e+008;1.13101e+008
3090000;1.24775e+008;1.1481e+008;1.14044e+008;1.1399e+008;1.1356e+008
3095000;1.14054e+008;1.20268e+008;1.17546e+008;1.14025e+008;1.13447e+008
3100000;1.15999e+008;1.13476e+008;1.287e+008;1.15401e+008;1.13822e+008
3105000;1.15558e+008;1.3435e+008;1.27833e+008;1.14829e+008;1.14705e+008
3110000;1.27171e+008;1.14216e+008;1.20566e+008;1.15607e+008;1.14997e+008
3115000;1.14844e+008;1.14337e+008;1.14847e+008;1.15491e+008;1.14819e+008
3120000;1.18969e+008;1.14436e+008;1.59924e+008;1.15168e+008;1.14555e+008
3125000;1.40472e+008;1.15095e+008;1.19317e+008;1.15631e+008;1.14542e+008
3130000;1.16819e+008;1.14789e+008;1.1529e+008;1.15549e+008;1.14765e+008
3135000;1.17096e+008;1.1556e+008;1.157e+008;1.15642e+008;1.14958e+008
3140000;1.29169e+008;1.22738e+008;1.16277e+008;1.297e+008;1.15015e+008
3145000;1.61331e+008;1.15109e+008;1.15994e+008;1.32023e+008;1.23182e+008
3150000;1.16188e+008;1.15537e+008;1.15927e+008;1.18025e+008;1.16105e+008
3155000;1.2178e+008;1.1619e+008;1.16214e+008;1.19866e+008;1.16137e+008
3160000;1.16203e+008;1.16447e+008;1.1997e+008;1.19855e+008;1.17591e+008
3165000;1.40841e+008;1.1596e+008;1.42773e+008;1.18471e+008;1.16641e+008
3170000;1.26564e+008;1.16574e+008;1.17996e+008;1.63279e+008;1.1661e+008
3175000;1.35514e+008;1.16838e+008;1.17157e+008;1.41582e+008;1.16736e+008
3180000;1.19943e+008;1.16612e+008;1.17381e+008;1.32524e+008;1.1708e+008
3185000;1.17277e+008;1.16824e+008;1.20462e+008;1.41802e+008;1.17112e+008
3190000;1.17598e+008;1.17375e+008;1.17671e+008;1.22651e+008;1.17445e+008
3195000;1.17863e+008;1.17149e+008;1.17842e+008;1.6834e+008;1.17614e+008
3200000;1.17886e+008;1.17504e+008;1.19538e+008;1.18872e+008;1.17867e+008
3205000;1.18466e+008;1.21042e+008;1.19643e+008;1.18091e+008;1.17638e+008
3210000;1.19487e+008;1.17887e+008;1.18939e+008;1.19989e+008;1.23851e+008
3215000;1.18846e+008;1.17929e+008;1.18766e+008;1.22799e+008;1.18477e+008
3220000;1.18663e+008;1.18794e+008;1.18994e+008;1.18662e+008;1.19245e+008
3225000;1.24504e+008;1.18401e+008;1.18696e+008;1.20794e+008;1.19898e+008
3230000;1.30048e+008;1.18647e+008;1.19391e+008;1.19705e+008;1.20395e+008
3235000;1.20627e+008;1.18881e+008;1.22842e+008;1.24373e+008;1.20729e+008
3240000;1.29844e+008;1.45126e+008;1.20777e+008;1.2554e+008;1.21579e+008
3245000;1.20403e+008;1.31825e+008;1.1979e+008;1.1987e+008;1.19584e+008
3250000;1.20029e+008;1.21025e+008;1.19646e+008;1.19768e+008;1.19461e+008
3255000;1.19993e+008;1.20801e+008;1.19906e+008;1.20037e+008;1.20786e+008
3260000;1.33409e+008;1.2056e+008;1.20755e+008;1.20292e+008;1.19809e+008
3265000;1.21441e+008;1.21368e+008;1.23934e+008;1.20308e+008;1.20387e+008
3270000;1.21046e+008;1.19931e+008;1.21373e+008;1.20828e+008;1.20323e+008
3275000;1.32286e+008;1.20886e+008;1.20713e+008;1.20716e+008;1.27355e+008
3280000;1.56217e+008;1.20749e+008;1.23002e+008;1.2209e+008;1.20761e+008
3285000;1.2448e+008;1.20522e+008;1.32409e+008;1.20965e+008;1.20861e+008
3290000;1.23196e+008;1.22248e+008;1.21723e+008;1.2154e+008;1.23078e+008
3295000;1.23592e+008;1.21407e+008;1.21332e+008;1.31513e+008;1.21539e+008
3300000;1.33642e+008;1.22286e+008;1.2508e+008;1.22013e+008;1.21882e+008
3305000;1.23947e+008;1.21376e+008;1.22282e+008;1.36359e+008;1.21499e+008
3310000;1.22003e+008;1.21513e+008;1.22531e+008;1.23908e+008;1.53358e+008
3315000;1.298e+008;1.22508e+008;1.23843e+008;1.35293e+008;1.22321e+008
3320000;1.22432e+008;1.22114e+008;1.23259e+008;1.24488e+008;1.21849e+008
3325000;1.23202e+008;1.22567e+008;1.23005e+008;1.52618e+008;1.22027e+008
3330000;1.23803e+008;1.23902e+008;1.23013e+008;1.39394e+008;1.23268e+008
3335000;1.23267e+008;1.23586e+008;1.22924e+008;1.3919e+008;1.22463e+008
3340000;1.23331e+008;1.23054e+008;1.23552e+008;1.35618e+008;1.23344e+008
3345000;1.23339e+008;1.25713e+008;1.27355e+008;1.23303e+008;1.25265e+008
3350000;1.24586e+008;1.25688e+008;1.39393e+008;1.23642e+008;1.25698e+008
3355000;1.24148e+008;1.24773e+008;1.38343e+008;1.24115e+008;1.24867e+008
3360000;1.23914e+008;1.29986e+008;1.34583e+008;1.24683e+008;1.25332e+008
3365000;1.25283e+008;1.29265e+008;1.4636e+008;1.26601e+008;1.29257e+008
3370000;1.40032e+008;1.23926e+008;1.25833e+008;1.26161e+008;1.29794e+008
3375000;1.41503e+008;1.24962e+008;1.27142e+008;1.24511e+008;1.25428e+008
3380000;1.315e+008;1.36042e+008;1.24817e+008;1.26085e+008;1.354e+008
3385000;1.38173e+008;1.26074e+008;1.26432e+008;1.24826e+008;1.25551e+008
3390000;1.25029e+008;1.27552e+008;1.25536e+008;1.25453e+008;1.27264e+008
3395000;1.27407e+008;1.2711e+008;1.26432e+008;1.26827e+008;1.25802e+008
3400000;1.25739e+008;1.25963e+008;1.2757e+008;1.24965e+008;1.26802e+008
3405000;1.29436e+008;1.25336e+008;1.2693e+008;1.31507e+008;1.25614e+008
3410000;1.27109e+008;1.28721e+008;1.3807e+008;1.3741e+008;1.2523e+008
3415000;1.27693e+008;1.25227e+008;1.27172e+008;1.26052e+008;1.25396e+008
3420000;1.25964e+008;1.25736e+008;1.27109e+008;1.26478e+008;1.25762e+008
3425000;1.27486e+008;1.26483e+008;1.26722e+008;1.27473e+008;1.25846e+008
3430000;1.26507e+008;1.26029e+008;1.26775e+008;1.27407e+008;1.26044e+008
3435000;1.26454e+008;1.27977e+008;1.27848e+008;1.26684e+008;1.27128e+008
3440000;1.32803e+008;1.26313e+008;1.27137e+008;1.27703e+008;1.26364e+008
3445000;1.27013e+008;1.27622e+008;1.27561e+008;1.27485e+008;1.26528e+008
3450000;1.27758e+008;1.27476e+008;1.37098e+008;1.27315e+008;1.27287e+008
3455000;1.281e+008;1.28401e+008;1.802e+008;1.27595e+008;1.27174e+008
3460000;1.27524e+008;1.2717e+008;1.28158e+008;1.28331e+008;1.2711e+008
3465000;1.27837e+008;1.27672e+008;1.27959e+008;1.29668e+008;1.32776e+008
3470000;1.28052e+008;1.2748e+008;1.28317e+008;1.28005e+008;1.27672e+008
3475000;1.27962e+008;1.31436e+008;1.29502e+008;1.29238e+008;1.28796e+008
3480000;1.29428e+008;1.29081e+008;1.28353e+008;1.28556e+008;1.30185e+008
3485000;1.28934e+008;1.2984e+008;1.2881e+008;1.29027e+008;1.2952e+008
3490000;1.28845e+008;1.2818e+008;1.2932e+008;1.29793e+008;1.28228e+008
3495000;1.28912e+008;1.28615e+008;1.29311e+008;1.42531e+008;1.35927e+008
3500000;1.29453e+008;1.28591e+008;1.29263e+008;1.32166e+008;1.33346e+008
3505000;1.2938e+008;1.28915e+008;1.29738e+008;1.29455e+008;1.28863e+008
3510000;1.29669e+008;1.29051e+008;1.29824e+008;1.29562e+008;1.3489e+008
3515000;1.29935e+008;1.31152e+008;1.30215e+008;1.29349e+008;1.31023e+008
3520000;1.45263e+008;1.29415e+008;1.32464e+008;1.33267e+008;1.29497e+008
3525000;1.30666e+008;1.29652e+008;1.31721e+008;1.31059e+008;1.35422e+008
3530000;1.37593e+008;1.29609e+008;1.30588e+008;1.30528e+008;1.30801e+008
3535000;2.09538e+008;1.39286e+008;1.30891e+008;1.308e+008;1.31022e+008
3540000;1.33971e+008;1.72945e+008;1.31506e+008;1.31371e+008;1.41076e+008
3545000;1.31027e+008;1.79062e+008;1.30962e+008;1.34962e+008;1.30615e+008
3550000;1.31059e+008;1.31427e+008;1.31056e+008;1.32153e+008;1.30939e+008
3555000;1.32415e+008;1.3335e+008;1.31146e+008;1.32624e+008;1.31351e+008
3560000;1.31559e+008;1.31872e+008;1.31645e+008;1.32043e+008;1.3168e+008
3565000;1.3184e+008;1.32239e+008;1.3155e+008;1.32146e+008;1.3134e+008
3570000;1.31852e+008;1.3183e+008;1.32747e+008;1.68616e+008;1.31387e+008
3575000;1.59548e+008;1.31552e+008;1.31886e+008;1.6424e+008;1.33875e+008
3580000;1.33937e+008;1.31628e+008;1.4439e+008;1.55132e+008;1.32146e+008
3585000;1.33285e+008;1.47475e+008;1.36662e+008;1.47135e+008;1.33221e+008
3590000;1.35247e+008;1.32738e+008;1.50783e+008;1.39269e+008;1.32486e+008
3595000;1.43026e+008;1.3247e+008;1.52034e+008;1.34997e+008;1.33118e+008
3600000;1.36151e+008;1.3287e+008;1.3717e+008;1.32952e+008;1.32715e+008
3605000;1.50908e+008;1.3302e+008;1.72326e+008;1.33711e+008;1.32535e+008
3610000;1.50719e+008;1.32982e+008;1.35112e+008;1.37461e+008;1.33083e+008
3615000;1.34926e+008;1.3342e+008;1.34879e+008;1.33516e+008;1.33293e+008
3620000;1.5084e+008;1.37678e+008;1.34374e+008;1.33635e+008;1.33183e+008
3625000;1.39534e+008;1.33609e+008;1.34423e+008;1.33838e+008;1.33586e+008
3630000;1.33999e+008;1.3536e+008;1.34318e+008;1.42336e+008;1.33857e+008
3635000;1.34144e+008;1.41137e+008;1.34546e+008;1.34521e+008;1.33814e+008
3640000;1.50677e+008;1.34917e+008;1.34616e+008;1.34493e+008;1.33982e+008
3645000;1.34999e+008;1.34854e+008;1.34705e+008;1.34606e+008;1.34117e+008
3650000;1.34982e+008;1.34917e+008;1.35072e+008;1.37007e+008;1.35658e+008
3655000;1.36803e+008;1.3545e+008;1.35379e+008;1.34838e+008;1.36444e+008
3660000;1.35668e+008;1.34944e+008;1.39134e+008;1.35067e+008;1.36244e+008
3665000;1.353e+008;1.3709e+008;1.35439e+008;1.3561e+008;1.34976e+008
3670000;1.44036e+008;1.35216e+008;1.35688e+008;1.35596e+008;1.35242e+008
3675000;1.36348e+008;1.35713e+008;1.36389e+008;1.35881e+008;1.40342e+008
3680000;1.3558e+008;1.36619e+008;1.36652e+008;1.37473e+008;1.35328e+008
3685000;1.3687e+008;1.36011e+008;1.36289e+008;1.36167e+008;1.35864e+008
3690000;1.36601e+008;1.36163e+008;1.36553e+008;1.3614e+008;1.36943e+008
3695000;1.36617e+008;1.38944e+008;1.36737e+008;1.53859e+008;1.37079e+008
3700000;1.87858e+008;1.57275e+008;1.36739e+008;1.36355e+008;1.35902e+008
3705000;1.50655e+008;1.39229e+008;1.36874e+008;1.36723e+008;1.36924e+008
3710000;1.37692e+008;1.37866e+008;1.38305e+008;1.39829e+008;1.36234e+008
3715000;1.37308e+008;1.37101e+008;1.37263e+008;1.37106e+008;1.37816e+008
3720000;1.37202e+008;1.37996e+008;1.37553e+008;1.4488e+008;1.39514e+008
3725000;1.43851e+008;1.37246e+008;1.38632e+008;1.4523e+008;1.38318e+008
3730000;1.39185e+008;1.37405e+008;1.37835e+008;1.58052e+008;1.39606e+008
3735000;1.38402e+008;1.45076e+008;1.3841e+008;1.42196e+008;1.40572e+008
3740000;1.41678e+008;1.37768e+008;1.42733e+008;1.39764e+008;1.37436e+008
3745000;1.4208e+008;1.37629e+008;1.42859e+008;1.404e+008;1.37802e+008
3750000;1.39388e+008;1.38205e+008;1.39971e+008;1.56039e+008;1.44522e+008
3755000;1.41298e+008;1.38233e+008;1.43264e+008;1.63813e+008;1.38081e+008
3760000;1.39118e+008;1.38437e+008;1.38881e+008;1.38958e+008;1.38383e+008
3765000;1.41462e+008;1.40076e+008;1.38791e+008;1.395e+008;1.43736e+008
3770000;1.40221e+008;1.3869e+008;1.40663e+008;1.40942e+008;1.38563e+008
3775000;1.39575e+008;1.39038e+008;1.39279e+008;1.39593e+008;1.38799e+008
3780000;1.41116e+008;1.40236e+008;1.39898e+008;1.40946e+008;1.39098e+008
3785000;1.39832e+008;1.41982e+008;1.39899e+008;1.40776e+008;1.39514e+008
3790000;1.40581e+008;1.40598e+008;1.40035e+008;1.40068e+008;1.39431e+008
3795000;1.40023e+008;1.39905e+008;1.41596e+008;1.45732e+008;1.4293e+008
3800000;1.4032e+008;1.39782e+008;1.40369e+008;1.76059e+008;1.4037e+008
3805000;1.40346e+008;1.39941e+008;1.4053e+008;1.54224e+008;1.39935e+008
3810000;1.41558e+008;1.40573e+008;1.42634e+008;1.41232e+008;1.40175e+008
3815000;1.41234e+008;1.40299e+008;1.61341e+008;1.41742e+008;1.40437e+008
3820000;1.4097e+008;1.40571e+008;1.5831e+008;1.56015e+008;1.54823e+008
3825000;1.56326e+008;1.41114e+008;1.50777e+008;1.41753e+008;1.61916e+008
3830000;1.62628e+008;1.40955e+008;1.45055e+008;1.43401e+008;1.53267e+008
3835000;1.55759e+008;1.41942e+008;1.48398e+008;1.42216e+008;1.43118e+008
3840000;1.64677e+008;1.41248e+008;1.42812e+008;1.4287e+008;1.42635e+008
3845000;1.44012e+008;1.415e+008;1.44152e+008;1.42786e+008;1.42274e+008
3850000;1.99066e+008;1.41634e+008;1.44116e+008;1.42673e+008;1.41685e+008
3855000;1.42653e+008;1.423e+008;1.42759e+008;1.5662e+008;1.41828e+008
3860000;1.4803e+008;1.42315e+008;1.43924e+008;1.91436e+008;1.42194e+008
3865000;1.42777e+008;1.42459e+008;1.42766e+008;1.7084e+008;1.42324e+008
3870000;1.43202e+008;1.42456e+008;1.43112e+008;1.52037e+008;1.42596e+008
3875000;1.45385e+008;1.42622e+008;1.4365e+008;1.53595e+008;1.45368e+008
3880000;1.43544e+008;1.43384e+008;1.43415e+008;1.62446e+008;1.45601e+008
3885000;1.43366e+008;1.43899e+008;1.4385e+008;1.92516e+008;1.43283e+008
3890000;1.48304e+008;1.43019e+008;1.44079e+008;1.66279e+008;1.44999e+008
3895000;1.54829e+008;1.53642e+008;1.4395e+008;1.46603e+008;1.43317e+008
3900000;1.45929e+008;1.55096e+008;1.43886e+008;1.69556e+008;1.43502e+008
3905000;1.44284e+008;1.43645e+008;1.48581e+008;1.48155e+008;1.45231e+008
3910000;1.45604e+008;1.44088e+008;1.44485e+008;1.44665e+008;1.43851e+008
3915000;1.48355e+008;1.4417e+008;1.48556e+008;1.47816e+008;1.44119e+008
3920000;1.51594e+008;1.49475e+008;1.4851e+008;1.47088e+008;1.45868e+008
3925000;1.4612e+008;1.44789e+008;1.45777e+008;1.46768e+008;1.44287e+008
3930000;1.4624e+008;1.44773e+008;1.46006e+008;1.45599e+008;1.44966e+008
3935000;1.45689e+008;1.45389e+008;1.48362e+008;1.45866e+008;1.4498e+008
3940000;1.45531e+008;1.45283e+008;1.45745e+008;1.45579e+008;1.44766e+008
3945000;1.47115e+008;1.46195e+008;1.47745e+008;1.46325e+008;1.63163e+008
3950000;1.46745e+008;1.47406e+008;1.57448e+008;1.45972e+008;1.67755e+008
3955000;1.46153e+008;1.46162e+008;1.45989e+008;1.55614e+008;1.483e+008
3960000;1.46388e+008;1.46466e+008;1.48159e+008;1.47551e+008;2.12317e+008
3965000;1.46508e+008;2.09533e+008;1.46493e+008;1.46882e+008;1.50629e+008
3970000;1.47834e+008;1.4604e+008;1.49434e+008;1.48363e+008;1.45986e+008
3975000;1.47087e+008;1.46775e+008;1.48263e+008;1.46773e+008;1.4608e+008
3980000;1.55333e+008;1.47659e+008;1.47423e+008;1.47277e+008;1.46812e+008
3985000;1.5052e+008;1.4754e+008;1.48781e+008;1.47662e+008;1.46598e+008
3990000;2.37094e+008;1.4703e+008;1.48385e+008;1.47446e+008;1.47218e+008
3995000;1.48628e+008;1.47414e+008;1.47991e+008;1.52944e+008;1.47583e+008
4000000;1.48672e+008;1.47501e+008;1.47822e+008;1.49605e+008;1.82833e+008
