Card;Time1;Time2;Time3;Time4;Time5;Time6
5000;1100;600;700;800;700;600
10000;600;600;700;700;600;700
15000;700;600;700;1200;800;700
20000;800;700;700;800;1100;800
25000;700;1200;800;1000;2100;700
30000;700;1200;900;800;1000;900
35000;800;800;900;1500;1100;700
40000;800;700;800;1000;1200;800
45000;800;1300;1500;900;1100;900
50000;800;800;800;1200;1200;1300
55000;900;900;900;1300;1100;1000
60000;900;1100;900;1500;1500;1000
65000;800;1000;900;1600;1700;900
70000;700;1000;1000;800;1000;900
75000;900;1000;1000;1000;1500;900
80000;700;1000;1200;1200;1100;900
85000;1100;1300;1100;1700;1000;1000
90000;900;1100;1600;1100;2100;1000
95000;1400;1100;900;1500;2300;1100
100000;1000;1100;1000;1600;1200;900
105000;1200;1200;1100;2100;1300;1000
110000;1000;1900;1000;2000;1700;1400
115000;900;2400;1800;1700;1500;1300
120000;900;1500;1700;1300;1500;1100
125000;1000;1100;1300;1600;1400;1300
130000;900;900;1400;1300;1300;900
135000;1000;1000;1900;1300;1900;1700
140000;1000;1500;1500;1300;1100;1500
145000;900;1400;1300;1900;3700;1700
150000;1100;1100;1100;1200;1200;1100
155000;1100;1200;1000;1800;1200;1000
160000;1300;1000;1300;1700;1400;1000
165000;2000;1100;1100;2000;1800;1000
170000;1100;1500;1700;1600;1200;2000
175000;1800;1100;1200;2100;2400;1400
180000;1600;1500;1500;6200;1400;1000
185000;1600;1600;1600;1000;6100;1400
190000;1100;2300;1500;1300;1400;1100
195000;1400;1900;1400;2000;2000;1000
200000;1100;2400;1800;1900;1900;1800
205000;1800;1200;5300;1800;1700;1500
210000;1300;1600;1900;2000;1400;1600
215000;1800;1300;2700;2400;1800;1500
220000;1300;1700;1800;1800;2000;2800
225000;1600;1700;1500;2500;1800;1500
230000;1200;1400;1100;2300;1700;1600
235000;1300;1200;1400;1900;1600;1500
240000;1300;1400;1500;1800;1700;1200
245000;1900;1500;1400;1900;2400;1600
250000;1000;1500;1700;2300;2000;1500
255000;1700;1600;1500;2000;1700;1600
260000;1300;1400;1400;1900;1700;1400
265000;1200;1000;1100;1900;2200;1000
270000;1300;1000;1400;2000;1200;1500
275000;1000;1000;1200;1200;1600;1300
280000;1100;1700;1000;1700;1300;1100
285000;2100;1000;1500;2600;1500;1000
290000;1200;1100;1100;2000;1500;1100
295000;1100;1000;1100;1600;1100;1200
300000;1100;1400;1100;2000;1400;1200
305000;1000;1300;1300;1800;1700;1400
310000;1200;1200;1200;2100;1500;1100
315000;1400;1500;1200;1700;2700;1300
320000;1200;1200;1400;2400;1900;1700
325000;1300;1500;1300;2300;2000;1400
330000;1400;2000;3400;1700;1700;2000
335000;1000;1200;1200;1700;1700;1400
340000;1600;2300;1600;2400;2000;1800
345000;1100;3200;1400;2100;2200;1700
350000;1300;1900;1700;2600;2000;1500
355000;1800;2300;1400;1900;1800;1900
360000;1400;1700;2200;2400;2000;1600
365000;1400;1900;4100;1800;1800;1300
370000;1600;1300;1600;2400;2100;1600
375000;1500;2100;1400;2000;2200;2000
380000;1500;2200;2000;2100;2300;1500
385000;1600;1600;1400;2100;1800;1500
390000;2000;1900;1400;2400;2000;1900
395000;1600;1300;1700;2600;2000;1800
400000;1600;1400;2200;2800;1900;1200
405000;1700;1500;2000;2000;1700;1300
410000;1700;1800;1700;2600;2500;1500
415000;2000;1700;1800;3000;2800;1700
420000;2000;1900;1700;2400;2600;1600
425000;1300;1900;1500;3000;1900;2000
430000;1600;1500;1400;2400;2600;1700
435000;1900;1800;2300;2300;2000;1500
440000;2200;1800;2200;2300;2500;1800
445000;1600;2400;1900;3000;2000;1900
450000;1800;2100;1600;2100;2800;1300
455000;1700;2500;1900;2700;2300;1700
460000;1400;2300;1600;2700;1800;2200
465000;1700;1900;1900;2000;2100;1800
470000;1600;3100;1800;1900;1900;1800
475000;1900;2000;1800;2100;2200;1400
480000;1700;1900;1700;2700;1800;2000
485000;1900;2100;1800;3000;2200;1600
490000;1600;2300;1800;2600;1800;1800
495000;1700;2100;1900;2000;2000;1300
500000;1800;1700;1700;2200;2000;1600
505000;1500;1900;1800;2000;1900;1700
510000;1600;1500;1500;2100;1900;1500
515000;1600;2000;1900;2000;1800;1900
520000;1600;1700;1800;2000;1900;1400
525000;1200;2100;1100;1500;1800;1600
530000;1200;1600;1400;1900;1300;1400
535000;1400;1700;1100;2000;1400;1200
540000;1000;1900;1200;2500;1900;1200
545000;1300;1600;1300;2200;1400;1600
550000;1300;2300;1000;2300;1600;1000
555000;1000;1900;1400;2200;1800;1300
560000;1200;1500;1000;1700;1500;1000
565000;1200;1400;1300;2500;1400;1100
570000;1200;1400;1100;1800;2100;1100
575000;1200;1400;1700;2200;1600;1500
580000;1100;1600;1200;2500;1500;1100
585000;1100;1300;1100;1600;1600;1100
590000;1200;1600;1200;2300;1600;1300
595000;1300;1700;1600;2500;1800;1200
600000;1300;1100;1300;2200;1700;1200
605000;1200;3100;1200;2900;1900;1300
610000;1600;2300;1300;2700;1700;1100
615000;1900;1500;1200;2300;2100;1400
620000;1200;1500;1200;3500;2400;1500
625000;1200;1200;1300;2800;2000;1400
630000;1200;1200;1200;3000;2100;1400
635000;1200;1200;1100;2300;1900;1100
640000;1200;1100;1300;2800;1900;1400
645000;1300;1300;1200;2100;2300;1200
650000;1100;1600;1200;2500;2100;1200
655000;1600;1300;1200;2700;3000;1300
660000;1200;1200;1200;2500;1700;1400
665000;1300;1400;1400;2200;2500;1100
670000;1000;1300;1400;2200;2200;1200
675000;1200;1400;1700;2300;2000;1200
680000;1100;1500;1400;2800;2100;1400
685000;1500;1400;2100;2400;2300;1300
690000;1500;1300;2000;2300;2400;1400
695000;2100;1300;2000;2200;2200;1100
700000;1300;1400;1400;3000;2400;1300
705000;1300;1300;1200;2300;2000;1300
710000;1300;1200;1600;2400;1900;1200
715000;1600;1300;1400;3100;2000;1200
720000;1300;1400;1600;2200;2500;1200
725000;1300;1500;1300;2500;2200;1900
730000;1200;1500;2100;2400;2200;1400
735000;1300;1300;1400;2100;2100;1400
740000;1200;1400;1600;2600;1900;1600
745000;1100;1400;1500;2800;2000;1600
750000;1300;1600;1400;3200;2000;1300
755000;1200;1400;1300;2800;2500;1700
760000;1400;1100;1700;2700;3100;1900
765000;1500;1400;1600;2500;2100;1500
770000;1500;2000;1500;2400;2500;4200
775000;1800;1400;1600;3200;2700;2300
780000;1300;1500;1300;2900;2400;2000
785000;1900;1500;1200;2600;2300;1800
790000;1300;1500;1700;2400;2300;1700
795000;1200;1300;1800;2300;3000;1900
800000;1300;1300;1700;3500;2700;2100
805000;1200;1800;1800;3200;3400;2100
810000;1300;1500;1300;2700;3000;1600
815000;1400;1700;1500;2400;3800;1600
820000;1300;1300;1300;3100;2300;1700
825000;1400;1700;2100;2500;2500;1400
830000;1400;1600;1500;2900;2000;1400
835000;1400;1300;2000;2600;2100;1600
840000;1400;1400;1600;2500;2200;1600
845000;1300;1900;1800;2800;3700;1200
850000;2600;1700;2000;2800;3100;1400
855000;1700;1500;1500;2600;2400;1200
860000;1800;1500;1900;2900;2000;1300
865000;1700;1700;1500;3900;2400;1500
870000;2100;2100;1500;2600;3100;1500
875000;1500;1800;1400;2400;2200;1200
880000;1400;2000;1600;3000;2100;1600
885000;1800;2200;1500;2800;2200;1400
890000;1300;2000;1600;2200;1600;1700
895000;1500;1900;1800;2100;2400;1800
900000;1400;1900;1800;2700;2400;1400
905000;1600;1600;1700;2600;2200;1600
910000;1800;1500;1600;2300;2200;1700
915000;1200;2200;1300;3000;2600;1900
920000;1500;1700;1800;2700;2300;1300
925000;1900;1600;1500;2400;2200;1600
930000;1400;1500;1500;2300;2600;1800
935000;1300;1600;1700;3500;2500;1700
940000;1200;1900;1700;2700;2100;1600
945000;1500;1600;1600;8000;2300;1600
950000;2200;1700;2300;3700;2000;1500
955000;1900;1400;2100;1900;2200;1900
960000;1800;2100;2000;3600;2000;2000
965000;1800;1500;1800;2400;3700;1800
970000;1900;1500;1400;2200;3100;1500
975000;2500;1700;1600;2900;2500;2000
980000;2100;1500;1900;2600;2400;1500
985000;1900;1700;1800;2100;3000;1500
990000;2100;1800;1700;2200;9700;2100
995000;2500;2000;1700;3200;2900;1700
1000000;2300;1900;2100;2200;2100;1400
1005000;2100;2100;1700;2100;2700;1700
1010000;2800;1900;1600;2700;2300;1600
1015000;3600;1600;2200;2900;2700;1700
1020000;2500;1300;1700;2500;2200;1800
1025000;1800;1600;2100;2800;1900;1700
1030000;1900;1700;1600;2000;2200;1700
1035000;1400;2600;1700;2200;2200;1500
1040000;1600;2000;1800;2200;2100;1800
1045000;4100;1600;1800;2100;2200;1600
1050000;2300;1200;1300;1900;1200;1900
1055000;1200;1300;1500;1600;1500;1200
1060000;1100;1200;1100;1600;1500;1100
1065000;1500;1200;1100;1800;1200;1200
1070000;1400;1200;1000;2000;1900;1100
1075000;1500;1700;1100;2500;2000;1100
1080000;1100;1300;1200;2100;1900;1000
1085000;1200;1200;1100;2200;1300;1100
1090000;1500;1600;1300;2100;2200;1400
1095000;1100;1200;1400;1300;1700;1500
1100000;1600;1200;1700;2100;2300;1200
1105000;1300;1200;1400;1700;1900;1100
1110000;1200;1200;1800;1600;1900;1500
1115000;1300;1100;1900;1500;1200;1400
1120000;1400;1300;1200;1800;1800;1600
1125000;1100;1300;1600;2400;1700;1900
1130000;1200;1400;1200;1500;1700;1500
1135000;1300;1300;1300;2000;2500;1300
1140000;1400;1400;1200;2100;1700;1200
1145000;1200;1600;1400;2500;1900;1600
1150000;1300;1400;1300;2600;1500;1400
1155000;1400;1300;1400;2000;1800;1300
1160000;1400;1200;1600;2400;1600;1300
1165000;1600;1400;1500;2600;1200;1400
1170000;1600;1200;1700;2200;1800;1200
1175000;1400;1300;1500;2700;2100;1500
1180000;1300;1200;1500;2500;2400;1300
1185000;1500;1200;1800;2400;2800;1400
1190000;1200;1700;2100;2600;2200;1700
1195000;1300;1400;1400;2800;2100;1500
1200000;1300;1400;1300;2200;2000;1600
1205000;1300;1600;1400;2800;1900;1400
1210000;1300;1300;1200;2300;2100;1400
1215000;1400;1300;1800;2500;2000;1200
1220000;1300;2000;1600;2700;2700;1100
1225000;2100;1500;1400;3400;2300;1500
1230000;1400;1500;1600;2400;2300;1800
1235000;1700;1300;1500;2700;2200;1800
1240000;1500;1300;1500;2800;2500;1500
1245000;1400;1400;1300;3000;2300;1300
1250000;1200;1800;1300;2400;1600;1700
1255000;1400;1500;1300;2700;2100;2000
1260000;1500;1500;1600;3100;1900;1600
1265000;1400;2800;1400;2600;2200;1500
1270000;1400;1300;1500;2300;3700;1500
1275000;1600;1300;1600;2800;2800;1500
1280000;1200;1300;1500;2400;2700;1500
1285000;1500;1400;1700;3300;2900;1400
1290000;1600;1800;1700;2200;2800;1400
1295000;1300;1400;1700;3000;1400;1500
1300000;1200;1500;1500;2600;2000;1300
1305000;1300;1500;1700;2300;1800;1700
1310000;1700;1300;1800;2700;2100;1300
1315000;1800;1600;1900;3400;2600;1500
1320000;1300;1400;1500;2500;4400;1300
1325000;1400;1300;1600;2400;2200;1300
1330000;1400;1600;1400;2300;2200;1800
1335000;1400;1400;1700;2300;2200;1600
1340000;1900;1300;1700;3100;1300;1700
1345000;1900;1400;1500;3300;1600;1400
1350000;1400;1600;1600;2400;1400;2200
1355000;1300;1300;2200;2300;1700;1400
1360000;2100;1800;1500;2300;1400;1600
1365000;1300;1400;1500;2500;1400;2500
1370000;1400;1600;1500;2800;1800;1600
1375000;1600;1800;1700;2700;1700;1600
1380000;2200;1400;1800;3000;2100;2100
1385000;1800;1800;4900;2300;1800;1300
1390000;1700;1900;1400;2400;2000;2000
1395000;1400;1400;1900;3200;2700;1600
1400000;1400;1800;1500;3400;2300;1700
1405000;1300;1200;1900;2800;1900;1800
1410000;2400;1300;1500;2800;2200;1800
1415000;2200;1600;2000;2400;2400;2200
1420000;1800;1600;1800;2800;2400;1700
1425000;1600;1800;1700;2400;2000;1400
1430000;1700;1500;1800;2800;1900;1500
1435000;1300;1400;1300;2500;2200;1300
1440000;1300;3300;1500;4100;1500;1400
1445000;2000;1700;1400;2500;2100;1500
1450000;1800;1600;1300;2600;2000;1400
1455000;1300;1600;1500;2300;2300;1400
1460000;2100;1600;1500;3300;1300;2000
1465000;1400;1700;1600;3200;1500;1900
1470000;1600;1700;1900;2500;1600;1600
1475000;1600;2000;1300;2900;1600;1900
1480000;1500;2000;2400;2400;1600;1800
1485000;1800;1600;1700;2700;2100;2100
1490000;1500;1400;1800;2900;1800;1400
1495000;1600;2000;1400;3300;1400;2000
1500000;2100;2600;1300;2400;2000;1800
1505000;1900;2000;1500;3100;1500;1800
1510000;1400;1500;3400;2800;1700;1700
1515000;1800;2500;2100;4300;2600;1600
1520000;1800;1800;1900;3900;2200;1400
1525000;1500;2200;2000;4100;1500;1800
1530000;1900;1500;2000;3800;1700;1600
1535000;2000;1600;2300;3700;1700;1300
1540000;1500;1500;2000;3200;1600;1700
1545000;1800;1900;1700;3700;2600;1400
1550000;1500;1900;1900;4400;1500;2000
1555000;1600;1700;1500;3900;1700;1800
1560000;2000;1600;1800;4000;1800;1600
1565000;1600;1600;1700;3800;1800;2200
1570000;1900;2000;1300;3100;2800;1700
1575000;1800;1400;1800;3100;2500;1400
1580000;1400;1700;1500;2900;2800;2100
1585000;2300;1500;2000;4900;2100;1700
1590000;1800;1900;2000;2800;2100;1700
1595000;1600;1900;2000;2500;2700;1600
1600000;1400;1500;1800;3300;1700;1900
1605000;1900;2600;1500;3700;1800;1800
1610000;1800;2200;1600;3200;2000;1600
1615000;2000;1500;1600;3100;1600;1700
1620000;1700;2000;1700;3300;1500;1900
1625000;1400;2500;1700;4300;2100;1900
1630000;1800;2800;1900;3600;1700;2400
1635000;1800;1700;2300;3200;1400;2900
1640000;1600;2300;1500;3400;2100;2200
1645000;1800;2100;2100;3400;1600;1800
1650000;1400;2000;2000;3300;1900;1600
1655000;1800;2400;2300;2600;1300;1700
1660000;1800;2300;1700;2700;2200;1700
1665000;1900;3100;1700;2600;2000;1900
1670000;2400;3200;1700;2500;2000;2000
1675000;2200;1800;1400;3000;2000;1600
1680000;2200;1500;1500;2800;1900;1700
1685000;1700;2000;2100;3000;1500;2000
1690000;2000;1800;2300;3400;1900;1700
1695000;2300;2200;1900;3000;2000;2000
1700000;1800;1600;2000;2800;2200;1800
1705000;1700;1900;1700;2800;2100;2200
1710000;1700;2100;1900;2600;1800;1700
1715000;1400;1900;1900;2800;1700;2000
1720000;1600;1800;2300;3000;1800;1500
1725000;1500;1900;1500;2800;2100;1900
1730000;2200;1700;2200;2400;2000;2100
1735000;1600;1800;2100;2600;1600;1800
1740000;1600;1900;2200;4200;1800;1600
1745000;2200;2100;2100;3900;2200;1800
1750000;1400;1800;2000;3400;2700;1600
1755000;1700;1700;2500;3200;2600;2400
1760000;1900;2100;2200;3700;2200;1400
1765000;2100;2300;2200;3200;2100;1900
1770000;1700;2000;2200;3300;1700;1800
1775000;1800;2100;1900;3500;1800;1900
1780000;1900;2300;2100;3600;1900;2100
1785000;1600;2500;2100;2900;1800;2000
1790000;1700;1800;1400;3300;2100;2000
1795000;2100;1700;2400;3200;2200;2300
1800000;1800;1700;2300;3300;2100;1600
1805000;1900;2100;1900;4100;2300;2600
1810000;1900;2200;1900;3200;2200;3800
1815000;1900;1900;1900;4000;2100;2200
1820000;2200;1800;1600;3300;1800;2400
1825000;1800;1900;2200;3300;2200;2000
1830000;2100;2200;1900;3500;2100;1500
1835000;2200;1700;2400;3400;1900;1800
1840000;1800;1700;1700;3300;2200;1800
1845000;1900;1900;1800;3200;3400;2000
1850000;1700;1700;1600;2700;3100;2300
1855000;1900;2600;1800;2700;2600;1600
1860000;1800;2100;1800;3700;3000;2000
1865000;1800;1900;1700;3800;2000;1900
1870000;1800;2600;1800;4000;2000;1700
1875000;2100;2200;1800;3000;1900;1800
1880000;2100;2100;2600;2800;1900;1800
1885000;1800;2100;1700;3300;1800;1800
1890000;2700;2000;1800;2500;1800;2900
1895000;2000;2000;1900;2700;2100;2700
1900000;2700;2000;1500;2700;2400;2200
1905000;2200;1900;1900;3200;1900;2100
1910000;1900;1800;2400;3000;1900;2000
1915000;1800;2400;2600;3000;1900;1900
1920000;2500;2000;2000;2800;1800;1900
1925000;2000;2000;2700;3300;2000;1800
1930000;2100;1600;2000;3000;2000;2300
1935000;1700;2300;2400;2600;2000;2000
1940000;1600;1800;1700;2400;2700;2100
1945000;1900;2100;2000;3100;2500;2200
1950000;2000;1900;2000;2700;2300;2100
1955000;1600;2300;2300;2600;2000;2000
1960000;2200;2000;1700;3400;2300;1900
1965000;2000;1800;1900;2700;2200;2000
1970000;2400;1900;1700;2700;2000;2400
1975000;2100;2000;2000;2900;2200;2100
1980000;1900;2100;2400;3400;3100;1900
1985000;2200;1900;1800;3300;2200;1800
1990000;2300;1700;1600;2400;1900;2600
1995000;1900;1900;2300;3000;2100;2200
2000000;2000;1800;1700;6100;1900;1600
2005000;1800;2200;1700;2500;1900;2300
2010000;2100;2100;1800;3000;2000;1800
2015000;2400;2200;1900;3000;2200;2000
2020000;1800;1900;1700;2600;2200;1700
2025000;1700;1900;2200;2600;2200;2500
2030000;1600;1800;1700;2800;2000;1700
2035000;2200;2600;2000;2900;2100;2000
2040000;2100;1800;1700;3100;1500;2100
2045000;1800;2000;2000;2600;3900;1600
2050000;1800;2100;2000;2400;1900;2200
2055000;1700;3100;1800;2800;2000;2100
2060000;1500;3400;2200;3400;2200;1700
2065000;1800;2200;1900;2700;2000;1800
2070000;2400;2400;1700;2500;3100;2100
2075000;1500;2500;1800;2300;2000;1800
2080000;1800;2200;1700;2500;2000;1800
2085000;2100;2100;1600;2700;2100;1500
2090000;1700;2200;2000;2200;1800;1800
2095000;1500;1800;1600;2100;1600;1500
2100000;1700;1100;1400;2900;1100;1400
2105000;1700;1300;2300;2000;1100;2000
2110000;1200;1200;1700;2400;1300;1600
2115000;1700;1200;1100;2400;1400;1100
2120000;1600;1100;1100;2500;1200;1200
2125000;1300;1400;1300;2000;1500;1500
2130000;1200;1300;1600;2100;1200;1600
2135000;1400;1500;1300;2100;1500;1400
2140000;1300;1200;1400;3300;1200;1400
2145000;1200;1300;1200;3000;1500;1200
2150000;1400;1200;1400;2200;1400;1400
2155000;1200;1500;1500;1900;1300;1200
2160000;1300;1800;1300;2300;1300;1300
2165000;1200;1400;1700;2800;1300;1500
2170000;1300;1300;1500;2000;1400;1500
2175000;1400;1800;1500;1700;1900;1300
2180000;1400;1200;1800;1900;1300;1700
2185000;1200;1400;1500;2300;1200;1500
2190000;1600;1400;1600;1700;1200;1800
2195000;1400;1900;1200;1900;1300;1700
2200000;1300;1900;1300;2000;1200;1500
2205000;1500;2900;1300;2600;1200;1600
2210000;2300;1800;1900;2000;1600;1500
2215000;1200;1500;1700;1800;1700;1600
2220000;2000;1400;1300;1700;1400;1500
2225000;1400;1900;2000;2700;1600;1800
2230000;1400;1600;2100;1800;1500;1800
2235000;1600;1700;1600;2400;1300;1300
2240000;1800;3100;1500;2000;2000;1700
2245000;1500;1800;1800;2200;1500;1400
2250000;1700;1700;1500;2600;1500;1300
2255000;1600;1700;1400;2500;1600;1300
2260000;1400;1800;1300;1900;1800;1400
2265000;1900;2200;1700;2100;3200;1400
2270000;1800;3000;1400;2500;1500;1700
2275000;2300;2100;2100;2800;1700;2200
2280000;1500;1600;1600;2000;1700;1700
2285000;1500;1500;1700;2000;1600;1600
2290000;2000;1600;1600;1900;1500;1800
2295000;1700;1600;1400;2000;1500;1800
2300000;1800;1900;1900;2300;3800;1800
2305000;1500;1900;1700;2400;1800;1700
2310000;1700;1800;1500;1900;1300;1600
2315000;1500;1800;1800;2400;2300;1500
2320000;1700;1600;2000;2000;2100;1700
2325000;1500;1600;1800;2300;2300;1500
2330000;1500;2200;1700;2400;1400;1600
2335000;1600;1600;1400;1900;1600;1600
2340000;1300;1700;1400;2200;1700;1300
2345000;1300;1600;1600;2400;1300;1800
2350000;1400;1900;1500;2000;1800;1500
2355000;1500;2100;1500;2500;2000;1800
2360000;1900;1500;2100;2200;1700;2200
2365000;1300;1600;1700;2800;1600;1800
2370000;1800;1800;1900;2300;1500;1800
2375000;1200;2100;1800;2800;1700;1400
2380000;1500;1700;2200;2100;1700;1900
2385000;1800;1900;1700;2800;1600;2200
2390000;1700;1700;1600;2400;1900;1800
2395000;1600;1700;1800;3200;1700;2300
2400000;1300;1400;1800;2500;2800;1700
2405000;1700;2600;1600;3500;1800;1500
2410000;1900;1500;1600;2300;2000;1900
2415000;1600;1800;2000;2100;1600;1800
2420000;2000;1700;2100;2100;1700;1500
2425000;1800;1500;1500;2200;1900;2600
2430000;1500;1700;1400;2800;1800;1400
2435000;1400;1800;1600;2200;1500;2200
2440000;1500;1900;1700;2500;1700;2500
2445000;1900;1700;1500;3000;1700;1600
2450000;2000;1600;1700;3000;2400;1800
2455000;1500;1800;1500;2400;1700;1500
2460000;1700;1600;1900;2200;2000;1800
2465000;1800;1900;2000;2400;1600;1700
2470000;1600;1700;2000;2300;1600;1800
2475000;1400;1600;1800;2900;1800;2400
2480000;1400;2400;2100;2600;1600;1600
2485000;1400;1900;2300;2400;1800;1700
2490000;1600;2000;1500;2700;2000;1600
2495000;1700;1600;1800;3100;3500;1700
2500000;2000;1800;1400;2700;2000;1900
2505000;1800;1900;1500;2300;2200;1800
2510000;1600;2200;1600;2700;2000;2800
2515000;1900;1600;1800;2200;1800;1900
2520000;1700;1800;1800;2400;1800;2100
2525000;1400;2800;1600;2500;1800;1700
2530000;1500;1800;1900;2300;1700;1800
2535000;1800;1700;1600;3200;1700;2900
2540000;2000;3200;1900;2300;2300;1500
2545000;1600;1600;1800;2600;1500;2200
2550000;1300;1700;1800;2200;1900;2200
2555000;1800;2800;2200;2600;1600;2200
2560000;1600;1400;2100;2500;1800;1500
2565000;2000;1600;2400;2100;1700;1700
2570000;2100;1900;1300;2800;2100;2000
2575000;1400;1800;2800;2300;2100;1500
2580000;1900;1700;1600;2400;1600;1800
2585000;2200;1600;1700;2800;1900;2800
2590000;1900;1800;1600;2300;2200;1800
2595000;1800;2000;1600;2400;1900;1700
2600000;1500;1700;2000;2500;2300;2500
2605000;2000;1900;1800;2900;1800;2100
2610000;2100;1500;2000;3000;1900;1800
2615000;1600;1900;1800;2800;2500;2300
2620000;1700;1400;1700;2500;2400;2400
2625000;1800;1900;1800;2600;2100;1700
2630000;1800;2100;2600;2400;2100;2300
2635000;1800;1700;2100;2500;1500;1800
2640000;1900;1700;2300;2600;1500;1800
2645000;1500;1900;2100;2700;1700;1800
2650000;2400;2200;2200;2400;1900;1900
2655000;1700;2100;2200;2500;2100;1900
2660000;1700;2400;2100;2600;2000;2100
2665000;2000;1600;1900;2400;1800;1700
2670000;2000;2400;1900;3300;2200;1800
2675000;1900;2000;2400;2800;2600;2400
2680000;2100;2800;1900;2300;2600;2300
2685000;1800;2500;1800;2600;3300;1900
2690000;1800;1800;1900;2200;2300;2400
2695000;1700;3600;2300;3000;2300;2000
2700000;1900;2700;1900;2900;2200;2300
2705000;1500;2100;2300;2500;2000;2100
2710000;2000;3700;1800;3200;1900;2000
2715000;1600;1800;2100;2700;2600;1800
2720000;1600;3500;1700;2700;2100;1900
2725000;1800;2100;2200;3100;2100;2500
2730000;1800;2700;1900;3100;1900;1900
2735000;2000;1800;2400;2800;1900;2100
2740000;1600;2100;2300;2500;1800;2600
2745000;1900;1700;2300;2700;1900;2400
2750000;2200;2300;4500;3000;2300;2200
2755000;2600;2200;2200;2300;2300;2400
2760000;1900;2300;1900;3000;2200;2600
2765000;1900;2500;2200;2800;1900;1900
2770000;2700;1800;2100;2700;2600;1500
2775000;2400;1800;2100;2600;2600;2300
2780000;2000;2200;2100;2600;2600;2000
2785000;2400;1900;1900;3200;2400;2000
2790000;2100;1700;2200;2400;2100;2200
2795000;2300;2000;2200;3000;2400;2000
2800000;2000;2200;2100;2800;2400;1900
2805000;2400;2800;2000;2700;1900;2100
2810000;2200;2300;1900;3000;2200;2200
2815000;2600;2200;1900;3000;2600;2000
2820000;2100;2200;1800;2700;2600;2200
2825000;2300;2000;1900;3200;2200;2000
2830000;1900;2700;1900;2900;2100;2100
2835000;1900;2200;1900;2400;1900;2400
2840000;2100;2700;1900;2800;2200;2300
2845000;1900;2300;2200;2600;1900;1800
2850000;2100;2300;1900;2900;2000;2100
2855000;1800;2100;2100;2600;2000;2500
2860000;2200;3300;1700;2800;1700;2500
2865000;1600;1900;2900;2400;2100;2400
2870000;1900;2600;1800;2700;1900;2800
2875000;1800;2300;2800;2800;1800;2700
2880000;1600;2200;2100;3100;1800;2300
2885000;1900;2300;1900;2700;2700;2200
2890000;1900;1800;2500;2800;2000;2000
2895000;1900;2100;2100;2500;2200;2600
2900000;2400;1900;1700;2400;2700;2600
2905000;2000;2200;2300;2800;1900;1900
2910000;1800;2100;2600;2600;1800;2300
2915000;1700;2100;1800;2700;5200;2400
2920000;2400;1900;2300;2700;2000;2300
2925000;2000;2400;2300;2800;2600;2200
2930000;2300;2200;2500;2700;2500;2000
2935000;1900;2100;2500;2800;2500;2000
2940000;1900;2800;2200;2800;2600;2300
2945000;1700;2200;2100;3200;2000;1700
2950000;1900;2500;2200;2700;2600;2100
2955000;2100;2700;2300;2600;2500;2700
2960000;2300;1900;2100;2900;2400;2400
2965000;2300;2400;2300;2900;2200;2100
2970000;2700;2100;2700;2800;2600;2700
2975000;2800;2300;2200;2600;2900;2900
2980000;1800;2600;2500;3200;2200;2500
2985000;2500;2600;2500;2800;2900;2400
2990000;1800;2100;2100;3200;2100;2000
2995000;1900;2200;2400;2600;1800;2900
3000000;2200;2000;2700;3100;2200;2700
3005000;1800;2300;2100;2600;2300;2000
3010000;2300;2500;2900;2600;3100;2100
3015000;2100;2100;2800;2400;2600;2400
3020000;1700;2200;2400;2900;2300;2600
3025000;2600;2100;2000;2900;2700;2700
3030000;2200;6400;2300;3300;1800;2700
3035000;2300;1900;2400;2700;2800;2500
3040000;2700;1900;2200;2800;2300;2700
3045000;1900;2100;2700;2700;2400;2300
3050000;2900;2400;3000;2400;2100;2100
3055000;2100;3300;2600;2600;2200;2800
3060000;2300;2500;2900;2700;2900;2200
3065000;2700;2000;1900;2700;2300;2400
3070000;2700;2200;2500;2500;2000;1800
3075000;2200;2000;2100;2800;2500;2100
3080000;3200;2500;1900;3400;2300;2200
3085000;2300;2300;3100;2900;1800;2500
3090000;2700;2400;2600;3200;2500;2500
3095000;2900;2700;2200;3200;2300;2300
3100000;2200;2300;2800;3300;2500;2200
3105000;1800;2200;2500;2700;2500;2700
3110000;2200;2300;1900;2800;3000;2700
3115000;2000;2100;1900;2700;1900;1900
3120000;2600;2600;2100;2700;2300;2400
3125000;2500;1900;2000;3200;2200;2600
3130000;1800;2600;2100;3000;2400;2400
3135000;2200;1800;2200;2500;2100;2900
3140000;2200;2200;2700;2500;2300;2100
3145000;3000;1800;3000;2700;2700;1800
3150000;2200;2000;2000;2700;2000;2600
3155000;2300;2400;2000;2400;2000;2000
3160000;2200;2100;2400;2800;2500;2000
3165000;2300;2100;2200;2500;2300;2300
3170000;2200;2000;2100;2600;2100;2200
3175000;2000;2400;2200;2900;2300;2400
3180000;1800;2500;3700;2700;2300;2500
3185000;2000;2200;3000;2800;2200;1800
3190000;2200;2200;2800;3200;2100;2200
3195000;2100;2100;2000;3200;2500;2600
3200000;3300;2100;2100;2700;2500;2600
3205000;1900;2400;2300;3100;2700;2000
3210000;2700;2600;3000;2800;2200;1800
3215000;2700;2000;2200;3100;2200;3400
3220000;2000;1800;2200;2800;2000;2700
3225000;2800;2400;2200;3700;2400;2600
3230000;2100;2100;2700;3200;2400;2200
3235000;2300;2500;1900;2600;2200;2500
3240000;2100;2100;2400;2900;3200;1900
3245000;2600;2400;2000;2700;3000;2100
3250000;2500;2300;2600;2800;2600;2900
3255000;2100;2500;3200;3100;1900;2800
3260000;1700;2100;2500;2700;1800;2500
3265000;2000;2800;5000;2700;2300;2100
3270000;2000;2200;2800;3200;2400;2600
3275000;2100;2100;2300;3100;2200;2400
3280000;2400;2100;2200;2800;2600;2300
3285000;2100;2100;2200;2600;2700;2200
3290000;2800;2400;2400;2700;2800;2300
3295000;2000;2900;2400;3100;2400;3200
3300000;2400;2500;2400;3300;2200;2300
3305000;2500;2300;2100;5000;2700;2300
3310000;2500;2400;3300;3000;2200;2700
3315000;2700;1700;2300;2600;2000;2500
3320000;2000;2300;2300;2600;2700;2700
3325000;2300;2400;1900;3000;2500;2100
3330000;2300;2600;2400;2800;2200;2500
3335000;1900;2800;2600;3300;2300;2400
3340000;2400;2800;3000;2800;2700;2400
3345000;2000;2600;1900;3000;2900;2300
3350000;2200;4800;2100;3100;3400;2400
3355000;2000;3000;2700;2800;3000;2500
3360000;2400;2200;2000;3000;3000;2600
3365000;1900;2300;2400;2700;3200;2100
3370000;2500;2300;1600;3200;2900;2100
3375000;2300;3000;2100;3200;2900;2300
3380000;2000;2400;2600;2800;2400;2100
3385000;1800;2300;1900;5800;3200;2300
3390000;1900;3500;2200;2800;3000;2700
3395000;2400;3100;2100;2800;2400;2500
3400000;2100;2200;2000;2800;2300;2500
3405000;2700;2000;2400;2700;2000;2000
3410000;2300;2600;2500;2600;2100;2300
3415000;2700;2800;2600;3100;2200;2000
3420000;2000;3100;2300;2600;1900;2000
3425000;2700;2900;1800;2700;2700;2400
3430000;2000;1800;2600;2700;2500;2000
3435000;3100;2000;2500;3600;2900;2600
3440000;3100;2600;2100;2900;2400;2500
3445000;2100;2900;2600;2800;2500;2200
3450000;1800;2900;2500;2600;2600;2200
3455000;2200;2100;2400;2600;2900;2400
3460000;2800;3000;2300;3300;2600;2500
3465000;2400;2000;1700;2900;2200;2000
3470000;2600;2800;3400;3200;2500;2400
3475000;2100;2500;2400;3000;3200;3000
3480000;2500;2300;4900;2800;2900;2600
3485000;2400;2700;3000;3100;2600;2200
3490000;2300;3100;2600;2600;2500;2500
3495000;2200;2200;2500;2800;2600;2600
3500000;2400;2000;2200;2700;2800;2100
3505000;2400;2100;2400;2600;2300;2300
3510000;2400;2100;2000;2500;2400;2200
3515000;2800;2500;4900;3000;2800;2600
3520000;2300;2300;1900;3000;2900;2300
3525000;2300;2800;2100;3300;3200;2500
3530000;2500;2100;2100;3100;2500;2600
3535000;2800;2600;2300;2600;2700;3100
3540000;2800;2100;2200;3100;2300;2200
3545000;2500;2200;2800;3000;2700;1900
3550000;3000;2800;2600;4100;3100;2000
3555000;2200;2500;2200;2800;2500;2200
3560000;3100;4900;2300;3400;3100;2500
3565000;2800;2700;3100;3100;3000;2600
3570000;2100;3000;2400;2900;2000;2600
3575000;2500;2800;2400;2400;2700;2400
3580000;2100;2100;2400;2600;2800;2400
3585000;2900;2700;2800;3200;2700;2400
3590000;2200;2400;1800;2900;2600;2500
3595000;1800;2200;2000;2700;2500;2800
3600000;2500;2000;2400;2700;2200;2400
3605000;2300;2100;2300;2900;2400;2600
3610000;2700;2200;2300;2600;2300;2000
3615000;2500;3100;2600;3200;2900;2100
3620000;2300;2300;2000;3500;2000;2500
3625000;2700;2000;2700;2800;2200;2500
3630000;2100;2500;3100;3100;2300;2500
3635000;2900;2400;2400;3000;2600;2900
3640000;2500;2600;2200;3200;2700;2600
3645000;2300;2200;2600;3100;2300;3000
3650000;2500;2200;2200;2800;2700;2900
3655000;1700;2800;2200;2900;2200;2500
3660000;2200;2700;2500;3000;2400;2200
3665000;2100;2300;2500;3000;2500;2100
3670000;2300;2100;2300;2500;2400;2200
3675000;2200;2100;2300;2900;2300;2800
3680000;2400;2700;2300;2900;2500;3100
3685000;2000;2300;3500;3300;2200;2300
3690000;2400;3100;2400;3000;2700;2600
3695000;2400;2200;2100;2400;2700;2200
3700000;2100;2700;2700;2600;2300;2400
3705000;2400;2400;2400;3100;2300;2600
3710000;2900;2500;2900;2700;2400;2600
3715000;2400;2100;2700;2900;2300;3000
3720000;2100;2500;2900;2600;2300;2100
3725000;2500;2800;2400;3000;2100;2600
3730000;2500;2400;2700;2800;3000;2900
3735000;2400;2700;2500;3100;2300;2500
3740000;2100;2100;2200;2500;2500;2300
3745000;2800;2500;2400;3100;2600;2200
3750000;2200;2900;2300;2800;2800;2100
3755000;2500;2400;2200;3200;3000;2500
3760000;4100;3100;2500;2700;2100;2900
3765000;2300;2300;3300;3000;2600;2800
3770000;4800;2300;2700;3000;2000;2300
3775000;3300;2200;2800;2600;2300;2500
3780000;2700;2400;2600;2700;2200;2400
3785000;2700;2400;2500;2700;2000;3100
3790000;2800;2200;2900;2900;2600;2300
3795000;4500;2200;2700;2600;2600;3000
3800000;2800;2600;2700;2600;2400;2300
3805000;2500;2600;2500;2500;2400;2200
3810000;2900;2500;2500;3100;2900;2400
3815000;2100;2200;3000;2600;2800;2600
3820000;2900;3200;3100;2900;2800;2900
3825000;2500;2200;2300;3500;2400;2400
3830000;2800;2600;2500;2700;2400;2700
3835000;2300;2200;2900;2800;2900;2200
3840000;2800;2200;3200;3200;2500;2800
3845000;2800;2300;2600;2700;3300;2100
3850000;2600;2500;2800;2700;2600;2100
3855000;3000;2300;2800;3100;2700;2500
3860000;3000;2400;2400;3200;2400;2400
3865000;2200;2700;2500;2900;2300;2300
3870000;2200;2400;2600;2800;2700;2700
3875000;2100;2200;2400;2700;2500;2500
3880000;2200;2600;2400;3600;2800;2600
3885000;2900;3100;2900;3600;2600;2300
3890000;2400;2600;3300;3600;2300;2800
3895000;2200;2500;4700;3000;2800;2100
3900000;2300;2300;2400;2600;2000;3000
3905000;2500;2500;2400;3200;2500;2200
3910000;2200;2400;2800;3000;2400;2100
3915000;2000;2100;2500;3300;2200;2500
3920000;2600;2300;2100;3700;2300;3000
3925000;2300;2800;2400;2900;2200;3300
3930000;2300;2600;2700;3200;3300;2900
3935000;2500;2700;2500;3800;2300;2700
3940000;2500;2800;2200;2800;2200;2000
3945000;2700;2200;2500;3000;2300;2700
3950000;2000;2200;2200;2600;2700;2800
3955000;2200;2500;1900;2500;2700;2400
3960000;2800;2000;2100;2500;2200;3000
3965000;2800;2500;2800;2800;2300;2500
3970000;2200;3000;2800;2700;2400;2600
3975000;2600;2900;2300;2600;2500;2200
3980000;3100;2400;2400;3600;2200;2000
3985000;2400;2800;3000;3200;2400;3000
3990000;2300;2600;2300;3200;2900;2700
3995000;3100;2000;2500;2700;2600;2500
4000000;2300;2500;2200;2600;2300;2800
