Card;Time1;Time2;Time3
5000;2.0419e+006;5.067e+006;4.3931e+006
10000;4.6023e+006;1.10457e+007;6.34e+006
15000;6.9287e+006;1.15436e+007;1.22676e+007
20000;1.04703e+007;1.93477e+007;2.06013e+007
25000;1.24487e+007;2.49261e+007;2.78053e+007
30000;1.49046e+007;3.83859e+007;3.40991e+007
35000;1.7863e+007;4.38468e+007;3.22905e+007
40000;2.05097e+007;5.03661e+007;2.92897e+007
45000;2.32913e+007;5.57729e+007;3.35011e+007
50000;2.62426e+007;3.74319e+007;3.66821e+007
55000;2.90075e+007;5.15124e+007;4.02919e+007
60000;3.18921e+007;9.59017e+007;4.55059e+007
65000;3.48309e+007;9.97918e+007;4.87053e+007
70000;3.78376e+007;9.70389e+007;5.18195e+007
75000;4.072e+007;9.40439e+007;5.81202e+007
80000;4.37233e+007;9.24984e+007;6.24767e+007
85000;4.66937e+007;1.10076e+008;1.22981e+008
90000;4.9873e+007;1.24756e+008;1.11574e+008
95000;5.29339e+007;1.04788e+008;7.65068e+007
100000;5.60159e+007;1.18941e+008;8.83574e+007
105000;5.9049e+007;1.53117e+008;1.26043e+008
110000;6.21631e+007;1.58683e+008;1.43121e+008
115000;6.55109e+007;1.35682e+008;1.20674e+008
120000;6.8389e+007;1.88643e+008;1.30399e+008
125000;7.14926e+007;1.60885e+008;1.47512e+008
130000;7.56065e+007;1.75557e+008;1.46859e+008
135000;7.79381e+007;2.02843e+008;1.90762e+008
140000;8.1081e+007;1.85747e+008;1.51312e+008
145000;8.42354e+007;1.32669e+008;1.55358e+008
150000;8.75208e+007;1.6804e+008;1.43542e+008
155000;9.07983e+007;1.68737e+008;1.30359e+008
160000;9.40504e+007;1.92542e+008;1.5959e+008
165000;9.74999e+007;1.858e+008;2.06906e+008
170000;1.01653e+008;1.44195e+008;1.43867e+008
175000;1.05706e+008;2.35009e+008;1.48503e+008
180000;1.07204e+008;1.74136e+008;1.60433e+008
185000;1.10518e+008;1.8397e+008;1.94517e+008
190000;1.1399e+008;2.1674e+008;1.90418e+008
195000;1.17138e+008;1.80223e+008;2.11818e+008
200000;1.20445e+008;1.73567e+008;2.06653e+008
205000;1.23791e+008;2.05426e+008;2.15536e+008
210000;1.27768e+008;1.8646e+008;2.12607e+008
215000;1.3284e+008;2.7514e+008;2.41662e+008
220000;1.44863e+008;1.9567e+008;2.42362e+008
225000;1.44678e+008;2.08863e+008;2.59033e+008
230000;1.48952e+008;2.53413e+008;2.57661e+008
235000;1.48978e+008;2.96472e+008;2.40511e+008
240000;1.97152e+008;3.1132e+008;2.54468e+008
245000;1.51752e+008;2.71407e+008;2.20759e+008
250000;1.53868e+008;2.20204e+008;2.56857e+008
255000;1.58844e+008;2.71041e+008;2.42731e+008
260000;1.70844e+008;2.55779e+008;2.79601e+008
265000;1.64969e+008;2.94184e+008;2.59491e+008
270000;1.69152e+008;2.59593e+008;2.38202e+008
275000;1.72898e+008;3.53117e+008;3.0692e+008
280000;1.74626e+008;3.66425e+008;3.2032e+008
285000;1.77979e+008;2.75074e+008;3.05926e+008
290000;1.82283e+008;3.23355e+008;2.77445e+008
295000;1.86462e+008;2.58055e+008;2.64094e+008
300000;1.88516e+008;2.61623e+008;2.72083e+008
305000;1.94609e+008;2.64559e+008;3.49086e+008
310000;1.95897e+008;4.48976e+008;3.28364e+008
315000;2.00266e+008;2.96218e+008;3.42802e+008
320000;2.02489e+008;3.27428e+008;3.75645e+008
325000;2.08242e+008;3.53745e+008;3.52719e+008
330000;2.11404e+008;3.24435e+008;3.73913e+008
335000;2.12776e+008;3.00029e+008;3.36552e+008
340000;2.1757e+008;2.9012e+008;3.34302e+008
345000;2.21272e+008;3.77148e+008;3.57039e+008
350000;2.25612e+008;3.28373e+008;3.50292e+008
355000;2.30091e+008;3.19762e+008;3.67317e+008
360000;2.33112e+008;4.85144e+008;3.49742e+008
365000;2.33951e+008;4.099e+008;3.34634e+008
370000;2.38457e+008;3.19722e+008;3.81539e+008
375000;2.41779e+008;4.27291e+008;4.05085e+008
380000;2.44864e+008;3.77245e+008;3.55225e+008
385000;2.53247e+008;4.17405e+008;4.00604e+008
390000;2.64232e+008;3.9516e+008;4.07508e+008
395000;2.59399e+008;4.47332e+008;4.39452e+008
400000;2.61251e+008;3.85993e+008;3.75247e+008
405000;2.64921e+008;3.99268e+008;4.04103e+008
410000;2.67256e+008;4.36076e+008;3.9035e+008
415000;2.82815e+008;4.42766e+008;4.60733e+008
420000;2.73681e+008;4.11266e+008;4.65894e+008
425000;2.77688e+008;4.60189e+008;4.4749e+008
430000;2.81313e+008;4.9839e+008;4.14761e+008
435000;2.8336e+008;4.50228e+008;4.25073e+008
440000;2.98924e+008;4.62963e+008;4.79826e+008
445000;3.0029e+008;4.81952e+008;4.73304e+008
450000;2.96908e+008;4.85782e+008;4.41228e+008
455000;3.00946e+008;5.04495e+008;4.35441e+008
460000;3.02347e+008;5.89801e+008;5.00138e+008
465000;3.06607e+008;5.11289e+008;5.11808e+008
470000;3.13583e+008;4.69817e+008;5.48814e+008
475000;3.16209e+008;4.3983e+008;4.90395e+008
480000;3.16133e+008;4.93713e+008;5.44022e+008
485000;3.22038e+008;5.45044e+008;5.13833e+008
490000;3.26859e+008;4.96766e+008;5.32908e+008
495000;3.30651e+008;5.74942e+008;5.16099e+008
500000;3.31333e+008;6.61274e+008;5.52116e+008
505000;3.47985e+008;5.94661e+008;5.59393e+008
510000;3.53887e+008;4.75118e+008;5.68431e+008
515000;3.4394e+008;6.55864e+008;5.40056e+008
520000;3.7635e+008;5.55982e+008;5.32833e+008
525000;3.74665e+008;4.87223e+008;4.93062e+008
530000;3.73759e+008;5.06279e+008;5.17217e+008
535000;3.86829e+008;5.06354e+008;5.46012e+008
540000;3.89073e+008;5.42692e+008;6.61626e+008
545000;3.65952e+008;6.1656e+008;5.95596e+008
550000;3.696e+008;7.1632e+008;6.2025e+008
555000;4.05657e+008;6.94131e+008;6.61324e+008
560000;3.89514e+008;5.78072e+008;5.35913e+008
565000;4.00622e+008;5.62474e+008;5.59047e+008
570000;3.94311e+008;6.16553e+008;6.09931e+008
575000;3.88004e+008;5.53004e+008;6.5698e+008
580000;3.94261e+008;5.54732e+008;6.31494e+008
585000;4.02186e+008;6.17969e+008;6.55122e+008
590000;3.96645e+008;5.90475e+008;5.64039e+008
595000;4.06143e+008;5.90809e+008;5.83771e+008
600000;4.17838e+008;6.55042e+008;7.29695e+008
605000;4.16184e+008;5.85535e+008;7.53594e+008
610000;4.17352e+008;6.07389e+008;6.40163e+008
615000;4.22645e+008;6.23766e+008;5.77889e+008
620000;4.30831e+008;6.02988e+008;5.63692e+008
625000;4.31262e+008;7.75006e+008;6.33185e+008
630000;4.2967e+008;7.75469e+008;7.32457e+008
635000;4.41757e+008;1.21279e+009;6.75643e+008
640000;4.34338e+008;1.24625e+009;7.51055e+008
645000;4.40326e+008;1.16654e+009;7.64508e+008
650000;4.51962e+008;1.36776e+009;6.90577e+008
655000;4.44789e+008;1.3453e+009;6.73748e+008
660000;4.53306e+008;1.02434e+009;7.74549e+008
665000;4.59644e+008;1.12302e+009;7.06503e+008
670000;4.61457e+008;1.13138e+009;6.69419e+008
675000;4.6352e+008;1.13782e+009;6.78572e+008
680000;4.65032e+008;1.16017e+009;8.28609e+008
685000;4.76774e+008;1.1532e+009;7.17604e+008
690000;4.7123e+008;1.16536e+009;7.9209e+008
695000;5.10366e+008;1.19109e+009;7.00233e+008
700000;5.19343e+008;1.17976e+009;9.10232e+008
705000;4.96888e+008;1.2025e+009;7.02963e+008
710000;4.95099e+008;1.26583e+009;7.42497e+008
715000;4.9653e+008;1.72008e+009;7.00222e+008
720000;4.99744e+008;1.10021e+009;7.06967e+008
725000;5.04639e+008;1.24065e+009;8.20586e+008
730000;5.04038e+008;1.31389e+009;8.83248e+008
735000;5.18795e+008;1.25331e+009;7.99525e+008
740000;5.15469e+008;1.25975e+009;7.73584e+008
745000;5.17302e+008;1.29371e+009;8.55297e+008
750000;5.32747e+008;1.28778e+009;8.57301e+008
755000;5.30509e+008;1.33806e+009;1.11192e+009
760000;5.3724e+008;1.30432e+009;9.73632e+008
765000;5.43167e+008;1.31829e+009;9.01599e+008
770000;5.41918e+008;1.92843e+009;9.14212e+008
775000;5.6422e+008;1.27429e+009;8.00776e+008
780000;5.65592e+008;1.34143e+009;8.54302e+008
785000;5.56075e+008;1.35414e+009;9.99211e+008
790000;6.01559e+008;1.35794e+009;7.85083e+008
795000;5.7174e+008;1.3877e+009;8.38947e+008
800000;5.6342e+008;1.39949e+009;9.06727e+008
805000;5.65976e+008;1.42328e+009;8.89819e+008
810000;5.784e+008;1.41243e+009;9.34352e+008
815000;5.7587e+008;1.40762e+009;9.77788e+008
820000;5.84988e+008;1.76408e+009;8.76218e+008
825000;5.79909e+008;1.56685e+009;8.22107e+008
830000;5.9892e+008;1.27708e+009;8.69718e+008
835000;6.45336e+008;1.55277e+009;9.21318e+008
840000;6.4996e+008;1.45712e+009;8.37453e+008
845000;6.29693e+008;1.48529e+009;1.07624e+009
850000;6.00468e+008;1.50073e+009;9.34035e+008
855000;5.9829e+008;1.49391e+009;9.9853e+008
860000;6.03053e+008;1.48406e+009;9.48297e+008
865000;6.04144e+008;1.51033e+009;1.04654e+009
870000;6.1244e+008;2.12442e+009;9.7747e+008
875000;6.2104e+008;1.34831e+009;1.24414e+009
880000;6.20085e+008;1.55174e+009;1.01941e+009
885000;6.18793e+008;1.52831e+009;1.0381e+009
890000;6.26249e+008;1.54292e+009;1.03844e+009
895000;6.33193e+008;1.56478e+009;1.08975e+009
900000;6.34193e+008;1.56572e+009;1.01662e+009
905000;6.37736e+008;1.59153e+009;1.03071e+009
910000;6.47756e+008;1.59063e+009;1.08691e+009
915000;6.43226e+008;2.08675e+009;1.01988e+009
920000;6.58146e+008;1.61276e+009;9.65935e+008
925000;6.52012e+008;1.44306e+009;1.02375e+009
930000;6.61976e+008;1.66862e+009;9.98968e+008
935000;6.68461e+008;1.62963e+009;1.07516e+009
940000;6.8643e+008;1.63999e+009;9.52659e+008
945000;7.157e+008;1.10661e+009;1.07166e+009
950000;7.54995e+008;1.20933e+009;1.18418e+009
955000;7.339e+008;1.1685e+009;1.10683e+009
960000;7.20432e+008;1.26929e+009;1.14729e+009
965000;7.40215e+008;1.05475e+009;1.05175e+009
970000;7.00809e+008;1.22214e+009;1.11203e+009
975000;6.99956e+008;1.10729e+009;1.07031e+009
980000;7.2474e+008;9.83679e+008;1.12935e+009
985000;7.01471e+008;1.19993e+009;1.06057e+009
990000;7.04917e+008;1.59027e+009;1.13953e+009
995000;7.19212e+008;1.20644e+009;1.16659e+009
1000000;7.09138e+008;1.13908e+009;1.12493e+009
1005000;7.22547e+008;1.16247e+009;1.20733e+009
1010000;7.24466e+008;1.19278e+009;1.31024e+009
1015000;7.31351e+008;1.218e+009;1.24879e+009
1020000;7.28308e+008;1.05367e+009;1.02081e+009
1025000;7.31314e+008;1.19834e+009;1.08359e+009
1030000;7.43096e+008;1.16777e+009;1.21101e+009
1035000;7.4501e+008;1.28608e+009;1.09753e+009
1040000;7.55135e+008;1.34349e+009;1.09978e+009
1045000;7.51812e+008;1.23627e+009;1.17522e+009
1050000;8.23482e+008;1.20746e+009;1.31624e+009
1055000;8.14435e+008;1.26352e+009;1.25893e+009
1060000;8.35519e+008;1.19961e+009;1.05999e+009
1065000;7.81178e+008;1.20683e+009;1.41612e+009
1070000;8.09985e+008;1.23199e+009;1.21049e+009
1075000;8.40356e+008;1.23081e+009;1.28422e+009
1080000;8.2945e+008;1.1958e+009;1.30905e+009
1085000;7.91713e+008;1.2339e+009;1.21159e+009
1090000;8.07274e+008;1.30054e+009;1.29742e+009
1095000;8.0245e+008;1.20828e+009;1.20097e+009
1100000;7.95786e+008;1.34495e+009;1.1176e+009
1105000;8.04853e+008;1.31444e+009;1.27644e+009
1110000;8.05224e+008;1.35621e+009;1.21084e+009
1115000;8.21855e+008;1.29143e+009;1.36909e+009
1120000;8.22822e+008;1.28489e+009;1.23213e+009
1125000;8.31897e+008;1.19937e+009;1.32361e+009
1130000;8.34146e+008;1.34042e+009;1.35261e+009
1135000;8.48436e+008;1.67312e+009;1.37387e+009
1140000;9.03281e+008;1.33261e+009;1.34999e+009
1145000;8.97978e+008;1.36794e+009;1.33943e+009
1150000;8.90521e+008;1.55441e+009;1.43746e+009
1155000;8.43847e+008;1.35646e+009;1.34493e+009
1160000;8.48972e+008;1.21798e+009;1.18489e+009
1165000;8.46933e+008;1.43285e+009;1.36459e+009
1170000;8.57608e+008;1.45735e+009;1.43106e+009
1175000;8.64357e+008;1.53573e+009;1.29278e+009
1180000;8.66305e+008;1.2934e+009;1.16963e+009
1185000;8.652e+008;1.2377e+009;1.40886e+009
1190000;8.95576e+008;1.32115e+009;1.31199e+009
1195000;8.81384e+008;1.33134e+009;1.22881e+009
1200000;9.04517e+008;1.38348e+009;1.37582e+009
1205000;9.05879e+008;1.31002e+009;1.46546e+009
1210000;8.86306e+008;1.4659e+009;1.46238e+009
1215000;9.06306e+008;1.58347e+009;1.43409e+009
1220000;9.01138e+008;1.32203e+009;1.58879e+009
1225000;1.01972e+009;1.3694e+009;1.42235e+009
1230000;1.00635e+009;1.41155e+009;1.44342e+009
1235000;9.34705e+008;1.35654e+009;1.32435e+009
1240000;9.25296e+008;1.31627e+009;1.55266e+009
1245000;9.10424e+008;1.3686e+009;1.29992e+009
1250000;9.44417e+008;1.47353e+009;1.3153e+009
1255000;9.28188e+008;1.62282e+009;1.51168e+009
1260000;9.54791e+008;1.50914e+009;1.48415e+009
1265000;9.42072e+008;1.46393e+009;1.52696e+009
1270000;9.55657e+008;1.40638e+009;1.73291e+009
1275000;9.72831e+008;1.50648e+009;1.49736e+009
1280000;9.63727e+008;1.46338e+009;1.44514e+009
1285000;9.77377e+008;1.52445e+009;1.41259e+009
1290000;9.88716e+008;1.47576e+009;1.59926e+009
1295000;9.75876e+008;1.52125e+009;1.40711e+009
1300000;1.0266e+009;1.52445e+009;1.51368e+009
1305000;1.01923e+009;1.49199e+009;1.6041e+009
1310000;9.65145e+008;1.55914e+009;1.74541e+009
1315000;9.89402e+008;1.4347e+009;1.62124e+009
1320000;9.79145e+008;1.60291e+009;1.61903e+009
1325000;9.87957e+008;1.45958e+009;1.58298e+009
1330000;1.00189e+009;1.6373e+009;1.48926e+009
1335000;1.00462e+009;1.61091e+009;1.62076e+009
1340000;1.16533e+009;1.68504e+009;1.58996e+009
1345000;1.74687e+009;1.71669e+009;1.40322e+009
1350000;1.36495e+009;1.64275e+009;1.67564e+009
1355000;1.48596e+009;1.6436e+009;1.67517e+009
1360000;1.40404e+009;1.82351e+009;1.67647e+009
1365000;1.70664e+009;1.69768e+009;1.62518e+009
1370000;1.63821e+009;1.91051e+009;1.57075e+009
1375000;1.44864e+009;1.67793e+009;1.55773e+009
1380000;1.15347e+009;1.61082e+009;1.63858e+009
1385000;1.36947e+009;1.72215e+009;1.47135e+009
1390000;1.23552e+009;2.01989e+009;1.5559e+009
1395000;1.28806e+009;1.66404e+009;1.56454e+009
1400000;1.18204e+009;1.74151e+009;1.70908e+009
1405000;1.28925e+009;1.85623e+009;1.54334e+009
1410000;1.24482e+009;1.74522e+009;1.80131e+009
1415000;1.22193e+009;1.91301e+009;1.68262e+009
1420000;1.51873e+009;2.01185e+009;1.62925e+009
1425000;1.54379e+009;1.97995e+009;1.52762e+009
1430000;1.11377e+009;1.86915e+009;1.58291e+009
1435000;1.10664e+009;1.9671e+009;1.73439e+009
1440000;1.13414e+009;1.91064e+009;1.63281e+009
1445000;1.11485e+009;2.04397e+009;1.77234e+009
1450000;1.10014e+009;2.02349e+009;1.62094e+009
1455000;1.10218e+009;1.84661e+009;1.84944e+009
1460000;1.09697e+009;2.03554e+009;1.69451e+009
1465000;1.12244e+009;2.25901e+009;1.65568e+009
1470000;1.15138e+009;2.15965e+009;1.66649e+009
1475000;1.11515e+009;1.9432e+009;1.65786e+009
1480000;1.25604e+009;2.16538e+009;1.5816e+009
1485000;1.22976e+009;2.14604e+009;1.76754e+009
1490000;1.21168e+009;2.03536e+009;1.87409e+009
1495000;1.24633e+009;2.19534e+009;1.87363e+009
1500000;1.27741e+009;2.19615e+009;1.83537e+009
1505000;1.20916e+009;2.12495e+009;1.7092e+009
1510000;1.13213e+009;2.1253e+009;1.93799e+009
1515000;1.14825e+009;1.98614e+009;1.81036e+009
1520000;1.14449e+009;2.3349e+009;1.74645e+009
1525000;1.13899e+009;2.14991e+009;1.69605e+009
1530000;1.14022e+009;1.87993e+009;1.95429e+009
1535000;1.15334e+009;2.12881e+009;2.00791e+009
1540000;1.16476e+009;2.18338e+009;1.84092e+009
1545000;1.35538e+009;2.19164e+009;1.82819e+009
1550000;1.21963e+009;2.25665e+009;1.76404e+009
1555000;1.24186e+009;2.05576e+009;1.76521e+009
1560000;1.15804e+009;2.08078e+009;1.93264e+009
1565000;1.16541e+009;1.94857e+009;2.0108e+009
1570000;1.19381e+009;2.28157e+009;1.79131e+009
1575000;1.17102e+009;2.10192e+009;1.88316e+009
1580000;1.17314e+009;2.16312e+009;2.05319e+009
1585000;1.19869e+009;2.06989e+009;1.88056e+009
1590000;1.19379e+009;2.30048e+009;1.79732e+009
1595000;1.22772e+009;2.33158e+009;1.82422e+009
1600000;1.26367e+009;2.59666e+009;1.7702e+009
1605000;1.56291e+009;2.29565e+009;1.95379e+009
1610000;1.40659e+009;2.39335e+009;1.76194e+009
1615000;1.29648e+009;2.47391e+009;2.15947e+009
1620000;1.29793e+009;2.31826e+009;2.0354e+009
1625000;1.26088e+009;2.33656e+009;2.05321e+009
1630000;1.23277e+009;2.70327e+009;1.87751e+009
1635000;1.24032e+009;2.35195e+009;1.80423e+009
1640000;1.24152e+009;2.01999e+009;1.81781e+009
1645000;1.24038e+009;1.9536e+009;1.92652e+009
1650000;1.33023e+009;2.00298e+009;2.09628e+009
1655000;1.27232e+009;1.99781e+009;2.18011e+009
1660000;1.32715e+009;1.78676e+009;1.87466e+009
1665000;1.39328e+009;1.94012e+009;1.87633e+009
1670000;1.27384e+009;2.13348e+009;1.97465e+009
1675000;1.2574e+009;2.1194e+009;1.98691e+009
1680000;1.26392e+009;1.98444e+009;2.06215e+009
1685000;1.30412e+009;1.97537e+009;1.88057e+009
1690000;1.37866e+009;1.91684e+009;2.1428e+009
1695000;1.43268e+009;1.91773e+009;2.13363e+009
1700000;1.3936e+009;1.99573e+009;2.35065e+009
1705000;1.44186e+009;2.34664e+009;1.92361e+009
1710000;1.43312e+009;2.21131e+009;2.17938e+009
1715000;1.58545e+009;1.95844e+009;2.12488e+009
1720000;1.78787e+009;2.19383e+009;2.15302e+009
1725000;1.41109e+009;2.10066e+009;2.26344e+009
1730000;1.37986e+009;2.01698e+009;2.11787e+009
1735000;1.33584e+009;2.22284e+009;2.22682e+009
1740000;1.43924e+009;2.28008e+009;2.10141e+009
1745000;1.3205e+009;2.13468e+009;2.24169e+009
1750000;1.32564e+009;2.10746e+009;2.11311e+009
1755000;1.32095e+009;1.99985e+009;1.96977e+009
1760000;1.32892e+009;2.13246e+009;2.2675e+009
1765000;1.33632e+009;2.15274e+009;2.15432e+009
1770000;1.54517e+009;2.10783e+009;2.10242e+009
1775000;1.43017e+009;2.32208e+009;2.19052e+009
1780000;1.35589e+009;2.1562e+009;2.31818e+009
1785000;1.35592e+009;2.14442e+009;2.29547e+009
1790000;1.3546e+009;2.08643e+009;2.06201e+009
1795000;1.36439e+009;2.18447e+009;2.32199e+009
1800000;1.36356e+009;2.14252e+009;2.36472e+009
1805000;1.38087e+009;2.53551e+009;2.11185e+009
1810000;1.38393e+009;2.3875e+009;2.46234e+009
1815000;1.38424e+009;1.96369e+009;2.21842e+009
1820000;1.43833e+009;2.07026e+009;2.11573e+009
1825000;1.64824e+009;2.11793e+009;2.12953e+009
1830000;1.41338e+009;2.21886e+009;2.19976e+009
1835000;1.41358e+009;2.31651e+009;2.13886e+009
1840000;1.39998e+009;2.37227e+009;2.49121e+009
1845000;1.40386e+009;2.28884e+009;2.21908e+009
1850000;1.40652e+009;2.31965e+009;2.20241e+009
1855000;1.4563e+009;2.06104e+009;2.35453e+009
1860000;1.42329e+009;2.17147e+009;2.4932e+009
1865000;1.45674e+009;2.02565e+009;2.34493e+009
1870000;1.43495e+009;2.45518e+009;2.08641e+009
1875000;1.63704e+009;2.33022e+009;2.32549e+009
1880000;1.49879e+009;2.25981e+009;2.5144e+009
1885000;1.44001e+009;2.26668e+009;2.22091e+009
1890000;1.4459e+009;2.30953e+009;2.47765e+009
1895000;1.52209e+009;2.48651e+009;2.35964e+009
1900000;1.4345e+009;2.44157e+009;2.37543e+009
1905000;1.44283e+009;2.3327e+009;2.37636e+009
1910000;1.47295e+009;2.38601e+009;2.48103e+009
1915000;1.46078e+009;2.49852e+009;2.37673e+009
1920000;1.48469e+009;2.58237e+009;2.57174e+009
1925000;1.67193e+009;2.59301e+009;2.53945e+009
1930000;1.56153e+009;2.69927e+009;2.49301e+009
1935000;1.53407e+009;2.9205e+009;2.29707e+009
1940000;1.49109e+009;2.54152e+009;2.55059e+009
1945000;1.53211e+009;2.57932e+009;2.68152e+009
1950000;1.48308e+009;2.35856e+009;2.42262e+009
1955000;1.50811e+009;2.45789e+009;2.424e+009
1960000;1.49664e+009;2.33778e+009;2.5053e+009
1965000;1.49971e+009;2.64997e+009;2.3163e+009
1970000;1.50586e+009;2.54196e+009;2.3837e+009
1975000;1.75566e+009;2.61594e+009;2.18385e+009
1980000;1.5295e+009;2.45241e+009;2.46784e+009
1985000;1.52069e+009;2.42334e+009;2.52317e+009
1990000;1.52107e+009;2.47081e+009;2.36214e+009
1995000;1.52378e+009;2.67307e+009;2.19645e+009
2000000;1.53949e+009;2.64054e+009;2.74558e+009
2005000;1.53931e+009;2.44108e+009;2.55201e+009
2010000;1.54375e+009;2.68673e+009;2.70841e+009
2015000;1.55072e+009;2.50644e+009;2.64907e+009
2020000;1.64327e+009;2.52387e+009;2.22735e+009
2025000;1.69442e+009;2.46373e+009;2.53381e+009
2030000;1.56288e+009;2.66048e+009;2.22063e+009
2035000;1.56755e+009;2.72044e+009;2.62497e+009
2040000;1.66616e+009;2.53522e+009;2.60986e+009
2045000;1.61281e+009;2.58304e+009;2.66813e+009
2050000;1.58293e+009;2.44893e+009;2.76063e+009
2055000;1.57996e+009;2.67012e+009;2.34689e+009
2060000;1.58746e+009;2.57004e+009;2.50018e+009
2065000;1.58491e+009;2.76126e+009;2.57187e+009
2070000;1.85929e+009;2.68306e+009;2.7257e+009
2075000;1.59661e+009;2.54006e+009;2.80938e+009
2080000;1.6061e+009;2.90812e+009;2.57529e+009
2085000;1.62125e+009;2.57409e+009;2.98192e+009
2090000;1.65275e+009;2.61995e+009;2.40826e+009
2095000;1.61446e+009;2.42337e+009;2.76804e+009
2100000;1.63413e+009;2.65484e+009;2.59275e+009
2105000;1.6218e+009;2.69459e+009;2.80307e+009
2110000;1.63056e+009;2.7131e+009;2.87905e+009
2115000;1.90584e+009;3.04793e+009;2.73129e+009
2120000;1.64672e+009;2.53749e+009;2.54352e+009
2125000;1.64012e+009;2.9768e+009;2.75928e+009
2130000;1.64452e+009;2.78681e+009;2.75698e+009
2135000;1.65008e+009;2.82946e+009;2.62062e+009
2140000;1.65974e+009;2.50801e+009;2.74483e+009
2145000;1.80206e+009;2.83434e+009;2.56845e+009
2150000;1.80576e+009;2.69587e+009;2.58939e+009
2155000;1.94406e+009;2.75849e+009;2.79592e+009
2160000;1.88047e+009;2.66225e+009;2.67063e+009
2165000;1.79075e+009;2.72817e+009;2.76015e+009
2170000;1.75699e+009;2.5897e+009;2.63828e+009
2175000;1.74052e+009;2.75505e+009;2.82799e+009
2180000;1.72579e+009;2.7234e+009;2.8528e+009
2185000;1.98415e+009;2.68009e+009;2.56591e+009
2190000;1.88029e+009;3.22404e+009;2.74856e+009
2195000;2.13201e+009;2.9771e+009;2.91933e+009
2200000;1.93316e+009;2.6213e+009;2.70999e+009
2205000;1.86787e+009;2.88441e+009;2.86122e+009
2210000;1.78768e+009;2.78547e+009;2.96578e+009
2215000;1.77035e+009;2.90795e+009;2.66668e+009
2220000;1.87557e+009;2.73758e+009;2.98443e+009
2225000;1.90438e+009;3.14318e+009;2.69961e+009
2230000;1.91522e+009;2.87426e+009;2.74837e+009
2235000;2.28953e+009;3.06861e+009;2.76217e+009
2240000;2.02881e+009;3.07088e+009;2.89321e+009
2245000;2.00495e+009;2.75714e+009;2.84752e+009
2250000;1.93876e+009;2.63726e+009;2.86652e+009
2255000;1.91028e+009;2.79501e+009;3.01669e+009
2260000;1.8489e+009;2.94395e+009;2.91635e+009
2265000;1.81108e+009;2.93396e+009;2.73864e+009
2270000;1.87114e+009;2.9565e+009;2.88135e+009
2275000;2.0712e+009;2.98382e+009;2.71541e+009
2280000;1.83636e+009;2.92308e+009;3.0288e+009
2285000;1.86072e+009;2.83473e+009;2.82768e+009
2290000;1.85589e+009;2.89745e+009;2.60421e+009
2295000;1.95099e+009;2.82819e+009;2.98447e+009
2300000;1.92592e+009;2.97761e+009;2.83839e+009
2305000;2.04143e+009;3.0907e+009;2.95782e+009
2310000;2.23013e+009;2.71212e+009;3.05041e+009
2315000;2.02399e+009;2.85026e+009;3.17341e+009
2320000;1.87643e+009;3.333e+009;3.05541e+009
2325000;1.90086e+009;2.71191e+009;3.09009e+009
2330000;1.93404e+009;2.83813e+009;2.70234e+009
2335000;1.91543e+009;2.88506e+009;2.93697e+009
2340000;1.97742e+009;2.87889e+009;2.88767e+009
2345000;2.02958e+009;3.0494e+009;2.97729e+009
2350000;2.14104e+009;2.68446e+009;2.84857e+009
2355000;1.89523e+009;2.7612e+009;3.27606e+009
2360000;1.9024e+009;3.07425e+009;3.05618e+009
2365000;1.8684e+009;2.83735e+009;2.80395e+009
2370000;1.87801e+009;2.99309e+009;3.05259e+009
2375000;1.88317e+009;3.20124e+009;3.59171e+009
2380000;1.88468e+009;3.01883e+009;3.00339e+009
2385000;2.00126e+009;2.82703e+009;2.87478e+009
2390000;2.00903e+009;2.98889e+009;2.8415e+009
2395000;1.96954e+009;3.01307e+009;3.10842e+009
2400000;2.01814e+009;2.89991e+009;3.23527e+009
2405000;2.03176e+009;2.89416e+009;2.98886e+009
2410000;1.99887e+009;3.09561e+009;3.20804e+009
2415000;2.00596e+009;3.10995e+009;2.93441e+009
2420000;2.08327e+009;2.83651e+009;3.28956e+009
2425000;2.26246e+009;3.31099e+009;3.22338e+009
2430000;1.97278e+009;3.14214e+009;3.15127e+009
2435000;2.02871e+009;2.93316e+009;3.13034e+009
2440000;1.99078e+009;3.06842e+009;3.12152e+009
2445000;1.95956e+009;2.99413e+009;3.19616e+009
2450000;1.97298e+009;3.03216e+009;3.45276e+009
2455000;1.99131e+009;3.19066e+009;3.30098e+009
2460000;2.27738e+009;3.29115e+009;3.38078e+009
2465000;2.06812e+009;3.27072e+009;3.22328e+009
2470000;2.04359e+009;3.18572e+009;3.31815e+009
2475000;2.0509e+009;3.12941e+009;3.39276e+009
2480000;2.14119e+009;3.21233e+009;3.2206e+009
2485000;2.01589e+009;3.2949e+009;3.18986e+009
2490000;2.01587e+009;3.11453e+009;3.3976e+009
2495000;2.24643e+009;3.0584e+009;3.07418e+009
2500000;2.0153e+009;2.93084e+009;3.38825e+009
2505000;2.13564e+009;3.26027e+009;2.91239e+009
2510000;2.10258e+009;3.2218e+009;3.37853e+009
2515000;2.05055e+009;3.0205e+009;3.18236e+009
2520000;2.11811e+009;3.37346e+009;3.27037e+009
2525000;2.2099e+009;3.32826e+009;3.21843e+009
2530000;2.49065e+009;3.20397e+009;3.23628e+009
2535000;2.23406e+009;3.50557e+009;3.3822e+009
2540000;2.19337e+009;3.59022e+009;3.25339e+009
2545000;2.2654e+009;3.46772e+009;3.64955e+009
2550000;2.20544e+009;3.01512e+009;3.34402e+009
2555000;2.20834e+009;3.32868e+009;3.22249e+009
2560000;2.18392e+009;2.99132e+009;3.19874e+009
2565000;2.39182e+009;3.55712e+009;3.36648e+009
2570000;2.47775e+009;3.21481e+009;3.50134e+009
2575000;2.18598e+009;3.12828e+009;3.34387e+009
2580000;2.06036e+009;3.41559e+009;3.2473e+009
2585000;2.05361e+009;3.39161e+009;3.52038e+009
2590000;2.0611e+009;3.14401e+009;3.40289e+009
2595000;2.16982e+009;3.11563e+009;3.07031e+009
2600000;2.17216e+009;3.35999e+009;3.48987e+009
2605000;2.07883e+009;3.44447e+009;3.27541e+009
2610000;2.19086e+009;3.50014e+009;3.32585e+009
2615000;2.25975e+009;3.55021e+009;3.31364e+009
2620000;2.24383e+009;3.49991e+009;3.46233e+009
2625000;2.28048e+009;3.33598e+009;3.21579e+009
2630000;2.34063e+009;3.07326e+009;3.6483e+009
2635000;2.27526e+009;3.17978e+009;3.39584e+009
2640000;2.14084e+009;3.34928e+009;3.17492e+009
2645000;2.10831e+009;3.61718e+009;3.49642e+009
2650000;2.14439e+009;3.44284e+009;3.39863e+009
2655000;2.15997e+009;3.50266e+009;3.40925e+009
2660000;2.13745e+009;3.6148e+009;3.32926e+009
2665000;2.47797e+009;3.6729e+009;3.27676e+009
2670000;2.20984e+009;3.55184e+009;3.25062e+009
2675000;2.28786e+009;3.3245e+009;3.53457e+009
2680000;2.20665e+009;3.57128e+009;3.21558e+009
2685000;2.28926e+009;3.59423e+009;3.21207e+009
2690000;2.26485e+009;3.42337e+009;3.83198e+009
2695000;2.31985e+009;3.34956e+009;3.55837e+009
2700000;2.30032e+009;3.49716e+009;3.56e+009
2705000;2.1709e+009;3.49058e+009;3.50458e+009
2710000;2.17464e+009;3.49422e+009;3.65579e+009
2715000;2.28668e+009;3.34571e+009;3.44259e+009
2720000;2.20815e+009;3.50264e+009;3.46966e+009
2725000;2.18964e+009;3.32399e+009;3.89406e+009
2730000;2.46865e+009;3.64629e+009;3.77494e+009
2735000;2.2431e+009;3.37102e+009;3.26288e+009
2740000;2.2303e+009;3.42676e+009;3.6657e+009
2745000;2.20761e+009;3.38168e+009;3.74587e+009
2750000;2.22094e+009;3.60644e+009;3.75886e+009
2755000;2.21892e+009;3.64408e+009;3.40836e+009
2760000;2.22182e+009;3.63556e+009;3.70437e+009
2765000;2.49066e+009;3.48212e+009;3.6707e+009
2770000;2.25243e+009;3.38515e+009;3.49397e+009
2775000;2.2518e+009;3.47941e+009;3.82958e+009
2780000;2.23711e+009;4.06095e+009;3.49606e+009
2785000;2.29317e+009;3.493e+009;3.66727e+009
2790000;2.24131e+009;3.66758e+009;3.36419e+009
2795000;2.45843e+009;3.51806e+009;3.62059e+009
2800000;2.31532e+009;3.60433e+009;3.79262e+009
2805000;2.25531e+009;3.74083e+009;3.74555e+009
2810000;2.26181e+009;3.68007e+009;3.58217e+009
2815000;2.76493e+009;3.67267e+009;3.92317e+009
2820000;2.37229e+009;3.5301e+009;3.7598e+009
2825000;2.4221e+009;3.91505e+009;3.42484e+009
2830000;2.41197e+009;3.6368e+009;3.48131e+009
2835000;2.3088e+009;3.73495e+009;3.58765e+009
2840000;2.41877e+009;3.51561e+009;3.80775e+009
2845000;2.30853e+009;3.57695e+009;3.60306e+009
2850000;2.29651e+009;3.79658e+009;3.68549e+009
2855000;2.30068e+009;3.92633e+009;3.57763e+009
2860000;2.60875e+009;3.85762e+009;3.9073e+009
2865000;2.3178e+009;3.58461e+009;3.57427e+009
2870000;2.32179e+009;3.47186e+009;3.82895e+009
2875000;2.34599e+009;3.98008e+009;3.54958e+009
2880000;2.3304e+009;3.66925e+009;3.70691e+009
2885000;2.32138e+009;3.59442e+009;4.19203e+009
2890000;2.67697e+009;3.42437e+009;4.35281e+009
2895000;2.36502e+009;3.97408e+009;3.83843e+009
2900000;2.34405e+009;4.00629e+009;3.79933e+009
2905000;2.36092e+009;3.6377e+009;3.45395e+009
2910000;2.36588e+009;3.81015e+009;3.92253e+009
2915000;2.42466e+009;3.83992e+009;3.88375e+009
2920000;2.64843e+009;3.77979e+009;4.03465e+009
2925000;2.53119e+009;3.57572e+009;3.93612e+009
2930000;2.52297e+009;4.0702e+009;3.59374e+009
2935000;2.38771e+009;4.09382e+009;3.8122e+009
2940000;2.44551e+009;3.68777e+009;3.69248e+009
2945000;2.39367e+009;3.90392e+009;3.89661e+009
2950000;2.64306e+009;3.7063e+009;3.69839e+009
2955000;2.42085e+009;4.29356e+009;3.7438e+009
2960000;2.42139e+009;3.8157e+009;3.73381e+009
2965000;2.70084e+009;3.79844e+009;3.92438e+009
2970000;2.58143e+009;3.88848e+009;3.87145e+009
2975000;2.53544e+009;3.77244e+009;4.03705e+009
2980000;2.88236e+009;3.90482e+009;4.35722e+009
2985000;2.52689e+009;3.75935e+009;3.73972e+009
2990000;2.50647e+009;4.3015e+009;3.64138e+009
2995000;2.44598e+009;4.20025e+009;3.96302e+009
3000000;2.50089e+009;3.90389e+009;4.08182e+009
3005000;2.5054e+009;3.7823e+009;4.03128e+009
3010000;2.89338e+009;3.93365e+009;4.2126e+009
3015000;2.82165e+009;4.04587e+009;4.0455e+009
3020000;2.50909e+009;3.82895e+009;3.88671e+009
3025000;2.57664e+009;4.02564e+009;3.87926e+009
3030000;2.60073e+009;4.05909e+009;4.22038e+009
3035000;2.65183e+009;3.66089e+009;3.86039e+009
3040000;2.65388e+009;3.97857e+009;4.11023e+009
3045000;2.53489e+009;4.19439e+009;3.87142e+009
3050000;2.69924e+009;3.8714e+009;3.94857e+009
3055000;2.54777e+009;3.95345e+009;4.07183e+009
3060000;2.64683e+009;3.9305e+009;4.17411e+009
3065000;3.05737e+009;4.08907e+009;4.09973e+009
3070000;2.56635e+009;3.95422e+009;4.05097e+009
3075000;2.8623e+009;4.12236e+009;3.87179e+009
3080000;2.67526e+009;3.82232e+009;4.20265e+009
3085000;2.53273e+009;4.28847e+009;3.78429e+009
3090000;2.76687e+009;4.02454e+009;4.12294e+009
3095000;2.75245e+009;3.91718e+009;4.16406e+009
3100000;2.55266e+009;4.03271e+009;4.12327e+009
3105000;2.66082e+009;4.02529e+009;4.36972e+009
3110000;2.59318e+009;4.16215e+009;4.20169e+009
3115000;2.61181e+009;3.70238e+009;3.74878e+009
3120000;3.05268e+009;4.27313e+009;4.32252e+009
3125000;2.83558e+009;3.98438e+009;3.98083e+009
3130000;2.82875e+009;4.07055e+009;3.9738e+009
3135000;2.83582e+009;4.77626e+009;3.95578e+009
3140000;2.5869e+009;4.2087e+009;4.19034e+009
3145000;3.22161e+009;4.14623e+009;4.21609e+009
3150000;4.66262e+009;3.95492e+009;4.29365e+009
3155000;3.77152e+009;4.93511e+009;3.93875e+009
3160000;2.92227e+009;4.82084e+009;4.15841e+009
3165000;3.6546e+009;4.65972e+009;4.44773e+009
3170000;3.28134e+009;5.19989e+009;4.34027e+009
3175000;3.03803e+009;4.6002e+009;4.23778e+009
3180000;2.87584e+009;4.36165e+009;4.08692e+009
3185000;3.06915e+009;4.65245e+009;4.00604e+009
3190000;3.16435e+009;4.50357e+009;4.25724e+009
3195000;2.97162e+009;4.15838e+009;4.4517e+009
3200000;2.99561e+009;4.41503e+009;4.03792e+009
3205000;2.83873e+009;4.5748e+009;4.09136e+009
3210000;2.91451e+009;4.53296e+009;4.50867e+009
3215000;2.78529e+009;4.40773e+009;4.18765e+009
3220000;2.78098e+009;4.4372e+009;4.39384e+009
3225000;2.70002e+009;4.49089e+009;4.37711e+009
3230000;2.73008e+009;4.44e+009;4.42586e+009
3235000;2.70454e+009;4.5175e+009;4.30482e+009
3240000;2.69285e+009;4.37072e+009;4.54987e+009
3245000;2.99327e+009;4.4198e+009;4.19322e+009
3250000;2.69733e+009;4.04621e+009;4.19315e+009
3255000;2.71075e+009;4.61544e+009;4.46027e+009
3260000;2.74013e+009;4.51855e+009;4.51014e+009
3265000;2.72501e+009;4.7224e+009;4.54895e+009
3270000;2.93716e+009;4.47688e+009;4.19576e+009
3275000;2.87299e+009;4.37041e+009;4.09716e+009
3280000;2.77264e+009;4.4624e+009;4.38555e+009
3285000;2.71884e+009;4.43679e+009;4.20543e+009
3290000;2.78506e+009;4.36544e+009;4.62103e+009
3295000;3.01155e+009;4.27203e+009;4.26827e+009
3300000;3.19666e+009;4.49156e+009;4.57644e+009
3305000;2.76718e+009;4.76228e+009;4.34919e+009
3310000;2.76672e+009;4.87404e+009;4.35746e+009
3315000;2.74318e+009;4.6101e+009;4.58766e+009
3320000;2.74878e+009;4.4544e+009;4.42844e+009
3325000;3.08131e+009;4.37002e+009;4.44357e+009
3330000;2.7731e+009;4.60934e+009;4.91768e+009
3335000;2.76157e+009;4.31194e+009;4.5659e+009
3340000;2.95224e+009;4.66125e+009;4.7485e+009
3345000;2.84873e+009;4.73495e+009;5.00378e+009
3350000;3.11809e+009;4.59361e+009;4.88439e+009
3355000;2.88955e+009;4.69128e+009;4.50853e+009
3360000;2.79275e+009;4.63969e+009;4.70474e+009
3365000;2.8047e+009;4.46929e+009;4.5471e+009
3370000;2.79919e+009;4.41768e+009;4.61239e+009
3375000;3.05799e+009;4.37049e+009;4.58128e+009
3380000;2.85396e+009;4.7359e+009;4.7913e+009
3385000;2.82687e+009;4.77264e+009;4.4788e+009
3390000;2.81101e+009;4.73658e+009;4.90836e+009
3395000;2.84299e+009;4.66075e+009;4.84564e+009
3400000;2.96709e+009;4.39945e+009;4.56582e+009
3405000;2.95437e+009;4.59664e+009;4.66272e+009
3410000;2.84287e+009;4.42836e+009;4.87662e+009
3415000;2.85258e+009;5.01965e+009;4.48384e+009
3420000;2.82985e+009;4.49844e+009;4.44657e+009
3425000;2.96726e+009;4.59954e+009;4.41756e+009
3430000;3.08149e+009;4.61938e+009;4.66528e+009
3435000;2.85924e+009;4.81428e+009;4.79914e+009
3440000;2.86451e+009;4.25031e+009;4.89797e+009
3445000;2.86713e+009;4.31127e+009;4.83982e+009
3450000;2.87683e+009;4.66508e+009;4.47781e+009
3455000;3.2128e+009;4.84463e+009;4.7758e+009
3460000;2.89626e+009;4.89278e+009;4.7807e+009
3465000;2.92252e+009;4.83809e+009;4.39192e+009
3470000;2.92037e+009;4.74473e+009;4.87731e+009
3475000;2.92337e+009;4.39224e+009;4.77812e+009
3480000;3.24161e+009;4.67926e+009;4.55105e+009
3485000;2.9412e+009;4.74065e+009;4.61518e+009
3490000;2.914e+009;4.61367e+009;4.87133e+009
3495000;2.94363e+009;4.47205e+009;4.33913e+009
3500000;3.11097e+009;5.14915e+009;4.55024e+009
3505000;3.35207e+009;4.62409e+009;4.60821e+009
3510000;2.93867e+009;4.75247e+009;4.768e+009
3515000;3.03626e+009;5.27482e+009;4.51087e+009
3520000;2.96497e+009;4.61381e+009;5.33547e+009
3525000;2.99498e+009;4.53249e+009;4.77377e+009
3530000;3.30783e+009;4.72149e+009;4.88792e+009
3535000;2.95751e+009;4.7908e+009;4.88892e+009
3540000;2.95324e+009;5.13667e+009;4.91856e+009
3545000;2.97865e+009;5.51548e+009;4.76265e+009
3550000;2.98073e+009;4.39575e+009;4.71184e+009
3555000;3.47565e+009;4.77719e+009;4.80741e+009
3560000;3.04168e+009;4.9236e+009;4.53164e+009
3565000;3.0125e+009;4.6626e+009;4.68583e+009
3570000;3.00533e+009;4.64343e+009;5.15126e+009
3575000;3.13686e+009;4.65616e+009;4.80908e+009
3580000;3.11564e+009;5.14915e+009;4.63403e+009
3585000;3.03893e+009;4.64848e+009;4.68607e+009
3590000;3.03403e+009;4.66705e+009;5.07097e+009
3595000;3.04917e+009;4.92576e+009;4.56582e+009
3600000;3.22079e+009;4.44214e+009;5.23081e+009
3605000;3.13116e+009;4.88764e+009;4.7543e+009
3610000;3.04988e+009;5.06167e+009;4.71734e+009
3615000;3.15072e+009;4.76664e+009;4.94145e+009
3620000;3.1997e+009;5.01236e+009;4.6075e+009
3625000;3.35896e+009;4.76318e+009;5.14176e+009
3630000;3.06595e+009;4.78576e+009;5.19601e+009
3635000;3.0795e+009;4.97936e+009;4.54141e+009
3640000;3.06999e+009;4.72927e+009;4.58671e+009
3645000;3.12368e+009;4.78703e+009;5.01357e+009
3650000;3.44562e+009;5.10214e+009;4.87473e+009
3655000;3.16083e+009;4.99221e+009;4.84387e+009
3660000;3.11464e+009;5.15765e+009;5.23908e+009
3665000;3.20377e+009;5.02147e+009;5.25636e+009
3670000;3.16575e+009;5.00781e+009;5.0472e+009
3675000;3.27189e+009;4.91779e+009;5.27207e+009
3680000;3.09901e+009;5.01262e+009;5.09868e+009
3685000;3.11501e+009;4.67953e+009;4.8975e+009
3690000;3.11531e+009;4.72231e+009;5.30424e+009
3695000;3.31642e+009;5.28538e+009;4.87483e+009
3700000;3.19611e+009;4.8485e+009;5.06219e+009
3705000;3.11688e+009;4.92534e+009;5.26746e+009
3710000;3.20324e+009;5.32365e+009;4.82318e+009
3715000;3.14016e+009;5.27136e+009;5.217e+009
3720000;3.41899e+009;5.62212e+009;5.01256e+009
3725000;3.16178e+009;5.15009e+009;4.71086e+009
3730000;3.16504e+009;5.11915e+009;4.93288e+009
3735000;3.14938e+009;4.884e+009;5.219e+009
3740000;3.1529e+009;5.09238e+009;4.99519e+009
3745000;3.43332e+009;5.14698e+009;5.13854e+009
3750000;3.66246e+009;5.09279e+009;5.15669e+009
3755000;3.62476e+009;4.70653e+009;5.2007e+009
3760000;3.43401e+009;4.67906e+009;5.03996e+009
3765000;3.72012e+009;5.27184e+009;5.0089e+009
3770000;3.39803e+009;5.16901e+009;4.95133e+009
3775000;3.43169e+009;5.26819e+009;5.05811e+009
3780000;3.50368e+009;4.91928e+009;4.9649e+009
3785000;4.13999e+009;5.10942e+009;5.33903e+009
3790000;3.42243e+009;4.81183e+009;5.18557e+009
3795000;3.50893e+009;5.23369e+009;5.44048e+009
3800000;3.41878e+009;5.57373e+009;4.83528e+009
3805000;3.74141e+009;5.17203e+009;5.64448e+009
3810000;3.32988e+009;5.29098e+009;5.54899e+009
3815000;3.2432e+009;5.45646e+009;5.39528e+009
3820000;3.27265e+009;5.00892e+009;5.58945e+009
3825000;3.23367e+009;5.38482e+009;5.49061e+009
3830000;3.54808e+009;5.02445e+009;5.5464e+009
3835000;3.30821e+009;5.23741e+009;5.14338e+009
3840000;3.40248e+009;5.37644e+009;5.52101e+009
3845000;3.61343e+009;5.07216e+009;5.1369e+009
3850000;3.56946e+009;5.5804e+009;5.23818e+009
3855000;3.31442e+009;5.36058e+009;4.99758e+009
3860000;3.34296e+009;5.28807e+009;5.17753e+009
3865000;3.49971e+009;5.06772e+009;5.35878e+009
3870000;3.37144e+009;5.32218e+009;5.04198e+009
3875000;3.32511e+009;5.44717e+009;5.07785e+009
3880000;3.31613e+009;5.46367e+009;5.39032e+009
3885000;3.30728e+009;5.18213e+009;5.27046e+009
3890000;3.50952e+009;5.2805e+009;5.21447e+009
3895000;3.3012e+009;5.40972e+009;5.35234e+009
3900000;3.35586e+009;5.25075e+009;5.1269e+009
3905000;3.31863e+009;5.56112e+009;5.36696e+009
3910000;3.43284e+009;5.6252e+009;5.53959e+009
3915000;3.36103e+009;4.90572e+009;5.4324e+009
3920000;3.34664e+009;5.25698e+009;5.48618e+009
3925000;3.48307e+009;5.46675e+009;4.94446e+009
3930000;3.41413e+009;5.25067e+009;5.32881e+009
3935000;3.58409e+009;5.43331e+009;5.39421e+009
3940000;3.37761e+009;5.5766e+009;5.3675e+009
3945000;3.42984e+009;5.08208e+009;5.36702e+009
3950000;3.39058e+009;5.3654e+009;5.20297e+009
3955000;3.54284e+009;5.4501e+009;5.23675e+009
3960000;3.37148e+009;5.67944e+009;5.70023e+009
3965000;3.42692e+009;5.59351e+009;5.45155e+009
3970000;3.37418e+009;5.185e+009;6.34734e+009
3975000;3.80681e+009;5.41805e+009;5.96491e+009
3980000;3.80996e+009;5.87996e+009;5.19765e+009
3985000;3.42852e+009;5.62348e+009;5.83015e+009
3990000;3.41149e+009;5.25219e+009;5.58258e+009
3995000;3.44524e+009;5.34663e+009;5.98814e+009
4000000;3.72274e+009;5.6768e+009;5.74964e+009
